actinic-keratosis-face-21,4,indeterminate - pre-cancerous,actinic keratosis,actinic keratosis,-,actinic keratosis,actinic keratosis
actinic-keratosis-face-28,4,indeterminate - pre-cancerous,actinic keratosis,actinic keratosis,-,actinic keratosis,actinic keratosis
actinic-keratosis-lesion-12,4,indeterminate - pre-cancerous,actinic keratosis,actinic keratosis,-,actinic keratosis,actinic keratosis
actinic-keratosis-lesion-13,4,indeterminate - pre-cancerous,actinic keratosis,actinic keratosis,-,actinic keratosis,actinic keratosis
actinic-keratosis-lesion-15,4,indeterminate - pre-cancerous,actinic keratosis,actinic keratosis,-,actinic keratosis,actinic keratosis
actinic-keratosis-lesion-16,4,indeterminate - pre-cancerous,actinic keratosis,actinic keratosis,-,actinic keratosis,actinic keratosis
actinic-keratosis-lesion-17,4,indeterminate - pre-cancerous,actinic keratosis,actinic keratosis,-,actinic keratosis,actinic keratosis
actinic-keratosis-lesion-18,4,indeterminate - pre-cancerous,actinic keratosis,actinic keratosis,-,actinic keratosis,actinic keratosis
actinic-keratosis-lesion-19,4,indeterminate - pre-cancerous,actinic keratosis,actinic keratosis,-,actinic keratosis,actinic keratosis
actinic-keratosis-lesion-20,4,indeterminate - pre-cancerous,actinic keratosis,actinic keratosis,-,actinic keratosis,actinic keratosis
actinic-keratosis-lesion-21,4,indeterminate - pre-cancerous,actinic keratosis,actinic keratosis,-,actinic keratosis,actinic keratosis
actinic-keratosis-lesion-23,4,indeterminate - pre-cancerous,actinic keratosis,actinic keratosis,-,actinic keratosis,actinic keratosis
actinic-keratosis-lesion-26,4,indeterminate - pre-cancerous,actinic keratosis,actinic keratosis,-,actinic keratosis,actinic keratosis
actinic-keratosis-lesion-27,4,indeterminate - pre-cancerous,actinic keratosis,actinic keratosis,-,actinic keratosis,actinic keratosis
actinic-keratosis-lesion-28,4,indeterminate - pre-cancerous,actinic keratosis,actinic keratosis,-,actinic keratosis,actinic keratosis
actinic-keratosis-lesion-29,4,indeterminate - pre-cancerous,actinic keratosis,actinic keratosis,-,actinic keratosis,actinic keratosis
actinic-keratosis-lesion-3,4,indeterminate - pre-cancerous,actinic keratosis,actinic keratosis,-,actinic keratosis,actinic keratosis
actinic-keratosis-lesion-30,4,indeterminate - pre-cancerous,actinic keratosis,actinic keratosis,-,actinic keratosis,actinic keratosis
actinic-keratosis-lesion-38,4,indeterminate - pre-cancerous,actinic keratosis,actinic keratosis,-,actinic keratosis,actinic keratosis
actinic-keratosis-lesion-4,4,indeterminate - pre-cancerous,actinic keratosis,actinic keratosis,-,actinic keratosis,actinic keratosis
actinic-keratosis-lesion-42,4,indeterminate - pre-cancerous,actinic keratosis,actinic keratosis,-,actinic keratosis,actinic keratosis
actinic-keratosis-lesion-43,4,indeterminate - pre-cancerous,actinic keratosis,actinic keratosis,-,actinic keratosis,actinic keratosis
actinic-keratosis-lesion-45,4,indeterminate - pre-cancerous,actinic keratosis,actinic keratosis,-,actinic keratosis,actinic keratosis
actinic-keratosis-lesion-50,4,indeterminate - pre-cancerous,actinic keratosis,actinic keratosis,-,actinic keratosis,actinic keratosis
actinic-keratosis-lesion-51,4,indeterminate - pre-cancerous,actinic keratosis,actinic keratosis,-,actinic keratosis,actinic keratosis
actinic-keratosis-lesion-53,4,indeterminate - pre-cancerous,actinic keratosis,actinic keratosis,-,actinic keratosis,actinic keratosis
actinic-keratosis-lesion-54,4,indeterminate - pre-cancerous,actinic keratosis,actinic keratosis,-,actinic keratosis,actinic keratosis
actinic-keratosis-lesion-55,4,indeterminate - pre-cancerous,actinic keratosis,actinic keratosis,-,actinic keratosis,actinic keratosis
actinic-keratosis-lesion-8,4,indeterminate - pre-cancerous,actinic keratosis,actinic keratosis,-,actinic keratosis,actinic keratosis
actinic-keratosis-pigmented-1,4,indeterminate - pre-cancerous,actinic keratosis,actinic keratosis,-,actinic keratosis,actinic keratosis
actinic-keratosis-pigmented-10,4,indeterminate - pre-cancerous,actinic keratosis,actinic keratosis,-,actinic keratosis,actinic keratosis
actinic-keratosis-pigmented-11,4,indeterminate - pre-cancerous,actinic keratosis,actinic keratosis,-,actinic keratosis,actinic keratosis
actinic-keratosis-pigmented-2,4,indeterminate - pre-cancerous,actinic keratosis,actinic keratosis,-,actinic keratosis,actinic keratosis
actinic-keratosis-trunk-3,4,indeterminate - pre-cancerous,actinic keratosis,actinic keratosis,-,actinic keratosis,actinic keratosis
basal-cell-carcinoma-aldara-2,5,malignant,basal cell cancer,basal cell cancer,-,basal cell cancer,basal cell carcinoma
basal-cell-carcinoma-aldara-3,5,malignant,basal cell cancer,basal cell cancer,-,basal cell cancer,basal cell carcinoma
basal-cell-carcinoma-aldara-4,5,malignant,basal cell cancer,basal cell cancer,-,basal cell cancer,basal cell carcinoma
basal-cell-carcinoma-aldara-5,5,malignant,basal cell cancer,basal cell cancer,-,basal cell cancer,basal cell carcinoma
basal-cell-carcinoma-arm-2,5,malignant,basal cell cancer,basal cell cancer,-,basal cell cancer,basal cell carcinoma
basal-cell-carcinoma-ear-15,5,malignant,basal cell cancer,basal cell cancer,-,basal cell cancer,basal cell carcinoma
basal-cell-carcinoma-ear-2,5,malignant,basal cell cancer,basal cell cancer,-,basal cell cancer,basal cell carcinoma
basal-cell-carcinoma-face-13,5,malignant,basal cell cancer,basal cell cancer,-,basal cell cancer,basal cell carcinoma
basal-cell-carcinoma-face-15,5,malignant,basal cell cancer,basal cell cancer,-,basal cell cancer,basal cell carcinoma
basal-cell-carcinoma-face-16,5,malignant,basal cell cancer,basal cell cancer,-,basal cell cancer,basal cell carcinoma
basal-cell-carcinoma-face-18,5,malignant,basal cell cancer,basal cell cancer,-,basal cell cancer,basal cell carcinoma
basal-cell-carcinoma-face-20,5,malignant,basal cell cancer,basal cell cancer,-,basal cell cancer,basal cell carcinoma
basal-cell-carcinoma-face-23,5,malignant,basal cell cancer,basal cell cancer,-,basal cell cancer,basal cell carcinoma
basal-cell-carcinoma-face-25,5,malignant,basal cell cancer,basal cell cancer,-,basal cell cancer,basal cell carcinoma
basal-cell-carcinoma-face-28,5,malignant,basal cell cancer,basal cell cancer,-,basal cell cancer,basal cell carcinoma
basal-cell-carcinoma-face-3,5,malignant,basal cell cancer,basal cell cancer,-,basal cell cancer,basal cell carcinoma
basal-cell-carcinoma-face-34,5,malignant,basal cell cancer,basal cell cancer,-,basal cell cancer,basal cell carcinoma
basal-cell-carcinoma-face-40,5,malignant,basal cell cancer,basal cell cancer,-,basal cell cancer,basal cell carcinoma
basal-cell-carcinoma-face-42,5,malignant,basal cell cancer,basal cell cancer,-,basal cell cancer,basal cell carcinoma
basal-cell-carcinoma-face-44,5,malignant,basal cell cancer,basal cell cancer,-,basal cell cancer,basal cell carcinoma
basal-cell-carcinoma-face-7,5,malignant,basal cell cancer,basal cell cancer,-,basal cell cancer,basal cell carcinoma
basal-cell-carcinoma-face-8,5,malignant,basal cell cancer,basal cell cancer,-,basal cell cancer,basal cell carcinoma
basal-cell-carcinoma-lesion-1,5,malignant,basal cell cancer,basal cell cancer,-,basal cell cancer,basal cell carcinoma
basal-cell-carcinoma-lesion-10,5,malignant,basal cell cancer,basal cell cancer,-,basal cell cancer,basal cell carcinoma
basal-cell-carcinoma-lesion-100,5,malignant,basal cell cancer,basal cell cancer,-,basal cell cancer,basal cell carcinoma
basal-cell-carcinoma-lesion-101,5,malignant,basal cell cancer,basal cell cancer,-,basal cell cancer,basal cell carcinoma
basal-cell-carcinoma-lesion-102,5,malignant,basal cell cancer,basal cell cancer,-,basal cell cancer,basal cell carcinoma
basal-cell-carcinoma-lesion-103,5,malignant,basal cell cancer,basal cell cancer,-,basal cell cancer,basal cell carcinoma
basal-cell-carcinoma-lesion-104,5,malignant,basal cell cancer,basal cell cancer,-,basal cell cancer,basal cell carcinoma
basal-cell-carcinoma-lesion-105,5,malignant,basal cell cancer,basal cell cancer,-,basal cell cancer,basal cell carcinoma
basal-cell-carcinoma-lesion-106,5,malignant,basal cell cancer,basal cell cancer,-,basal cell cancer,basal cell carcinoma
basal-cell-carcinoma-lesion-107,5,malignant,basal cell cancer,basal cell cancer,-,basal cell cancer,basal cell carcinoma
basal-cell-carcinoma-lesion-108,5,malignant,basal cell cancer,basal cell cancer,-,basal cell cancer,basal cell carcinoma
basal-cell-carcinoma-lesion-109,5,malignant,basal cell cancer,basal cell cancer,-,basal cell cancer,basal cell carcinoma
basal-cell-carcinoma-lesion-11,5,malignant,basal cell cancer,basal cell cancer,-,basal cell cancer,basal cell carcinoma
basal-cell-carcinoma-lesion-110,5,malignant,basal cell cancer,basal cell cancer,-,basal cell cancer,basal cell carcinoma
basal-cell-carcinoma-lesion-111,5,malignant,basal cell cancer,basal cell cancer,-,basal cell cancer,basal cell carcinoma
basal-cell-carcinoma-lesion-112,5,malignant,basal cell cancer,basal cell cancer,-,basal cell cancer,basal cell carcinoma
basal-cell-carcinoma-lesion-113,5,malignant,basal cell cancer,basal cell cancer,-,basal cell cancer,basal cell carcinoma
basal-cell-carcinoma-lesion-114,5,malignant,basal cell cancer,basal cell cancer,-,basal cell cancer,basal cell carcinoma
basal-cell-carcinoma-lesion-115,5,malignant,basal cell cancer,basal cell cancer,-,basal cell cancer,basal cell carcinoma
basal-cell-carcinoma-lesion-116,5,malignant,basal cell cancer,basal cell cancer,-,basal cell cancer,basal cell carcinoma
basal-cell-carcinoma-lesion-117,5,malignant,basal cell cancer,basal cell cancer,-,basal cell cancer,basal cell carcinoma
basal-cell-carcinoma-lesion-118,5,malignant,basal cell cancer,basal cell cancer,-,basal cell cancer,basal cell carcinoma
basal-cell-carcinoma-lesion-119,5,malignant,basal cell cancer,basal cell cancer,-,basal cell cancer,basal cell carcinoma
basal-cell-carcinoma-lesion-120,5,malignant,basal cell cancer,basal cell cancer,-,basal cell cancer,basal cell carcinoma
basal-cell-carcinoma-lesion-121,5,malignant,basal cell cancer,basal cell cancer,-,basal cell cancer,basal cell carcinoma
basal-cell-carcinoma-lesion-122,5,malignant,basal cell cancer,basal cell cancer,-,basal cell cancer,basal cell carcinoma
basal-cell-carcinoma-lesion-123,5,malignant,basal cell cancer,basal cell cancer,-,basal cell cancer,basal cell carcinoma
basal-cell-carcinoma-lesion-126,5,malignant,basal cell cancer,basal cell cancer,-,basal cell cancer,basal cell carcinoma
basal-cell-carcinoma-lesion-128,5,malignant,basal cell cancer,basal cell cancer,-,basal cell cancer,basal cell carcinoma
basal-cell-carcinoma-lesion-129,5,malignant,basal cell cancer,basal cell cancer,-,basal cell cancer,basal cell carcinoma
basal-cell-carcinoma-lesion-13,5,malignant,basal cell cancer,basal cell cancer,-,basal cell cancer,basal cell carcinoma
basal-cell-carcinoma-lesion-130,5,malignant,basal cell cancer,basal cell cancer,-,basal cell cancer,basal cell carcinoma
basal-cell-carcinoma-lesion-131,5,malignant,basal cell cancer,basal cell cancer,-,basal cell cancer,basal cell carcinoma
basal-cell-carcinoma-lesion-132,5,malignant,basal cell cancer,basal cell cancer,-,basal cell cancer,basal cell carcinoma
basal-cell-carcinoma-lesion-133,5,malignant,basal cell cancer,basal cell cancer,-,basal cell cancer,basal cell carcinoma
basal-cell-carcinoma-lesion-134,5,malignant,basal cell cancer,basal cell cancer,-,basal cell cancer,basal cell carcinoma
basal-cell-carcinoma-lesion-136,5,malignant,basal cell cancer,basal cell cancer,-,basal cell cancer,basal cell carcinoma
basal-cell-carcinoma-lesion-137,5,malignant,basal cell cancer,basal cell cancer,-,basal cell cancer,basal cell carcinoma
basal-cell-carcinoma-lesion-14,5,malignant,basal cell cancer,basal cell cancer,-,basal cell cancer,basal cell carcinoma
basal-cell-carcinoma-lesion-2,5,malignant,basal cell cancer,basal cell cancer,-,basal cell cancer,basal cell carcinoma
basal-cell-carcinoma-lesion-24,5,malignant,basal cell cancer,basal cell cancer,-,basal cell cancer,basal cell carcinoma
basal-cell-carcinoma-lesion-25,5,malignant,basal cell cancer,basal cell cancer,-,basal cell cancer,basal cell carcinoma
basal-cell-carcinoma-lesion-30,5,malignant,basal cell cancer,basal cell cancer,-,basal cell cancer,basal cell carcinoma
basal-cell-carcinoma-lesion-31,5,malignant,basal cell cancer,basal cell cancer,-,basal cell cancer,basal cell carcinoma
basal-cell-carcinoma-lesion-45,5,malignant,basal cell cancer,basal cell cancer,-,basal cell cancer,basal cell carcinoma
basal-cell-carcinoma-lesion-46,5,malignant,basal cell cancer,basal cell cancer,-,basal cell cancer,basal cell carcinoma
basal-cell-carcinoma-lesion-48,5,malignant,basal cell cancer,basal cell cancer,-,basal cell cancer,basal cell carcinoma
basal-cell-carcinoma-lesion-50,5,malignant,basal cell cancer,basal cell cancer,-,basal cell cancer,basal cell carcinoma
basal-cell-carcinoma-lesion-51,5,malignant,basal cell cancer,basal cell cancer,-,basal cell cancer,basal cell carcinoma
basal-cell-carcinoma-lesion-52,5,malignant,basal cell cancer,basal cell cancer,-,basal cell cancer,basal cell carcinoma
basal-cell-carcinoma-lesion-53,5,malignant,basal cell cancer,basal cell cancer,-,basal cell cancer,basal cell carcinoma
basal-cell-carcinoma-lesion-54,5,malignant,basal cell cancer,basal cell cancer,-,basal cell cancer,basal cell carcinoma
basal-cell-carcinoma-lesion-56,5,malignant,basal cell cancer,basal cell cancer,-,basal cell cancer,basal cell carcinoma
basal-cell-carcinoma-lesion-57,5,malignant,basal cell cancer,basal cell cancer,-,basal cell cancer,basal cell carcinoma
basal-cell-carcinoma-lesion-58,5,malignant,basal cell cancer,basal cell cancer,-,basal cell cancer,basal cell carcinoma
basal-cell-carcinoma-lesion-6,5,malignant,basal cell cancer,basal cell cancer,-,basal cell cancer,basal cell carcinoma
basal-cell-carcinoma-lesion-61,5,malignant,basal cell cancer,basal cell cancer,-,basal cell cancer,basal cell carcinoma
basal-cell-carcinoma-lesion-62,5,malignant,basal cell cancer,basal cell cancer,-,basal cell cancer,basal cell carcinoma
basal-cell-carcinoma-lesion-63,5,malignant,basal cell cancer,basal cell cancer,-,basal cell cancer,basal cell carcinoma
basal-cell-carcinoma-lesion-64,5,malignant,basal cell cancer,basal cell cancer,-,basal cell cancer,basal cell carcinoma
basal-cell-carcinoma-lesion-66,5,malignant,basal cell cancer,basal cell cancer,-,basal cell cancer,basal cell carcinoma
basal-cell-carcinoma-lesion-67,5,malignant,basal cell cancer,basal cell cancer,-,basal cell cancer,basal cell carcinoma
basal-cell-carcinoma-lesion-69,5,malignant,basal cell cancer,basal cell cancer,-,basal cell cancer,basal cell carcinoma
basal-cell-carcinoma-lesion-7,5,malignant,basal cell cancer,basal cell cancer,-,basal cell cancer,basal cell carcinoma
basal-cell-carcinoma-lesion-71,5,malignant,basal cell cancer,basal cell cancer,-,basal cell cancer,basal cell carcinoma
basal-cell-carcinoma-lesion-74,5,malignant,basal cell cancer,basal cell cancer,-,basal cell cancer,basal cell carcinoma
basal-cell-carcinoma-lesion-76,5,malignant,basal cell cancer,basal cell cancer,-,basal cell cancer,basal cell carcinoma
basal-cell-carcinoma-lesion-77,5,malignant,basal cell cancer,basal cell cancer,-,basal cell cancer,basal cell carcinoma
basal-cell-carcinoma-lesion-78,5,malignant,basal cell cancer,basal cell cancer,-,basal cell cancer,basal cell carcinoma
basal-cell-carcinoma-lesion-79,5,malignant,basal cell cancer,basal cell cancer,-,basal cell cancer,basal cell carcinoma
basal-cell-carcinoma-lesion-8,5,malignant,basal cell cancer,basal cell cancer,-,basal cell cancer,basal cell carcinoma
basal-cell-carcinoma-lesion-80,5,malignant,basal cell cancer,basal cell cancer,-,basal cell cancer,basal cell carcinoma
basal-cell-carcinoma-lesion-81,5,malignant,basal cell cancer,basal cell cancer,-,basal cell cancer,basal cell carcinoma
basal-cell-carcinoma-lesion-83,5,malignant,basal cell cancer,basal cell cancer,-,basal cell cancer,basal cell carcinoma
basal-cell-carcinoma-lesion-85,5,malignant,basal cell cancer,basal cell cancer,-,basal cell cancer,basal cell carcinoma
basal-cell-carcinoma-lesion-87,5,malignant,basal cell cancer,basal cell cancer,-,basal cell cancer,basal cell carcinoma
basal-cell-carcinoma-lesion-9,5,malignant,basal cell cancer,basal cell cancer,-,basal cell cancer,basal cell carcinoma
basal-cell-carcinoma-lesion-90,5,malignant,basal cell cancer,basal cell cancer,-,basal cell cancer,basal cell carcinoma
basal-cell-carcinoma-lesion-91,5,malignant,basal cell cancer,basal cell cancer,-,basal cell cancer,basal cell carcinoma
basal-cell-carcinoma-lesion-93,5,malignant,basal cell cancer,basal cell cancer,-,basal cell cancer,basal cell carcinoma
basal-cell-carcinoma-lesion-94,5,malignant,basal cell cancer,basal cell cancer,-,basal cell cancer,basal cell carcinoma
basal-cell-carcinoma-lesion-95,5,malignant,basal cell cancer,basal cell cancer,-,basal cell cancer,basal cell carcinoma
basal-cell-carcinoma-lesion-96,5,malignant,basal cell cancer,basal cell cancer,-,basal cell cancer,basal cell carcinoma
basal-cell-carcinoma-lesion-98,5,malignant,basal cell cancer,basal cell cancer,-,basal cell cancer,basal cell carcinoma
basal-cell-carcinoma-lesion-99,5,malignant,basal cell cancer,basal cell cancer,-,basal cell cancer,basal cell carcinoma
basal-cell-carcinoma-lid-1,5,malignant,basal cell cancer,basal cell cancer,-,basal cell cancer,basal cell carcinoma
basal-cell-carcinoma-lid-10,5,malignant,basal cell cancer,basal cell cancer,-,basal cell cancer,basal cell carcinoma
basal-cell-carcinoma-lid-11,5,malignant,basal cell cancer,basal cell cancer,-,basal cell cancer,basal cell carcinoma
basal-cell-carcinoma-lid-2,5,malignant,basal cell cancer,basal cell cancer,-,basal cell cancer,basal cell carcinoma
basal-cell-carcinoma-lid-3,5,malignant,basal cell cancer,basal cell cancer,-,basal cell cancer,basal cell carcinoma
basal-cell-carcinoma-lid-32,5,malignant,basal cell cancer,basal cell cancer,-,basal cell cancer,basal cell carcinoma
basal-cell-carcinoma-lid-5,5,malignant,basal cell cancer,basal cell cancer,-,basal cell cancer,basal cell carcinoma
basal-cell-carcinoma-lid-7,5,malignant,basal cell cancer,basal cell cancer,-,basal cell cancer,basal cell carcinoma
basal-cell-carcinoma-lid-8,5,malignant,basal cell cancer,basal cell cancer,-,basal cell cancer,basal cell carcinoma
basal-cell-carcinoma-lip-7,5,malignant,basal cell cancer,basal cell cancer,-,basal cell cancer,basal cell carcinoma
basal-cell-carcinoma-nose-16,5,malignant,basal cell cancer,basal cell cancer,-,basal cell cancer,basal cell carcinoma
basal-cell-carcinoma-nose-19,5,malignant,basal cell cancer,basal cell cancer,-,basal cell cancer,basal cell carcinoma
basal-cell-carcinoma-nose-27,5,malignant,basal cell cancer,basal cell cancer,-,basal cell cancer,basal cell carcinoma
basal-cell-carcinoma-nose-4,5,malignant,basal cell cancer,basal cell cancer,-,basal cell cancer,basal cell carcinoma
basal-cell-carcinoma-pigmented-10,5,malignant,basal cell cancer,basal cell cancer,-,basal cell cancer,basal cell carcinoma
basal-cell-carcinoma-pigmented-11,5,malignant,basal cell cancer,basal cell cancer,-,basal cell cancer,basal cell carcinoma
basal-cell-carcinoma-pigmented-12,5,malignant,basal cell cancer,basal cell cancer,-,basal cell cancer,basal cell carcinoma
basal-cell-carcinoma-pigmented-13,5,malignant,basal cell cancer,basal cell cancer,-,basal cell cancer,basal cell carcinoma
basal-cell-carcinoma-pigmented-16,5,malignant,basal cell cancer,basal cell cancer,-,basal cell cancer,basal cell carcinoma
basal-cell-carcinoma-pigmented-17,5,malignant,basal cell cancer,basal cell cancer,-,basal cell cancer,basal cell carcinoma
basal-cell-carcinoma-pigmented-18,5,malignant,basal cell cancer,basal cell cancer,-,basal cell cancer,basal cell carcinoma
basal-cell-carcinoma-pigmented-2,5,malignant,basal cell cancer,basal cell cancer,-,basal cell cancer,basal cell carcinoma
basal-cell-carcinoma-pigmented-20,5,malignant,basal cell cancer,basal cell cancer,-,basal cell cancer,basal cell carcinoma
basal-cell-carcinoma-pigmented-22,5,malignant,basal cell cancer,basal cell cancer,-,basal cell cancer,basal cell carcinoma
basal-cell-carcinoma-pigmented-23,5,malignant,basal cell cancer,basal cell cancer,-,basal cell cancer,basal cell carcinoma
basal-cell-carcinoma-pigmented-24,5,malignant,basal cell cancer,basal cell cancer,-,basal cell cancer,basal cell carcinoma
basal-cell-carcinoma-pigmented-25,5,malignant,basal cell cancer,basal cell cancer,-,basal cell cancer,basal cell carcinoma
basal-cell-carcinoma-pigmented-27,5,malignant,basal cell cancer,basal cell cancer,-,basal cell cancer,basal cell carcinoma
basal-cell-carcinoma-pigmented-29,5,malignant,basal cell cancer,basal cell cancer,-,basal cell cancer,basal cell carcinoma
basal-cell-carcinoma-pigmented-3,5,malignant,basal cell cancer,basal cell cancer,-,basal cell cancer,basal cell carcinoma
basal-cell-carcinoma-pigmented-30,5,malignant,basal cell cancer,basal cell cancer,-,basal cell cancer,basal cell carcinoma
basal-cell-carcinoma-pigmented-33,5,malignant,basal cell cancer,basal cell cancer,-,basal cell cancer,basal cell carcinoma
basal-cell-carcinoma-pigmented-34,5,malignant,basal cell cancer,basal cell cancer,-,basal cell cancer,basal cell carcinoma
basal-cell-carcinoma-pigmented-35,5,malignant,basal cell cancer,basal cell cancer,-,basal cell cancer,basal cell carcinoma
basal-cell-carcinoma-pigmented-36,5,malignant,basal cell cancer,basal cell cancer,-,basal cell cancer,basal cell carcinoma
basal-cell-carcinoma-pigmented-37,5,malignant,basal cell cancer,basal cell cancer,-,basal cell cancer,basal cell carcinoma
basal-cell-carcinoma-pigmented-40,5,malignant,basal cell cancer,basal cell cancer,-,basal cell cancer,basal cell carcinoma
basal-cell-carcinoma-pigmented-44,5,malignant,basal cell cancer,basal cell cancer,-,basal cell cancer,basal cell carcinoma
basal-cell-carcinoma-pigmented-55,5,malignant,basal cell cancer,basal cell cancer,-,basal cell cancer,basal cell carcinoma
basal-cell-carcinoma-pigmented-61,5,malignant,basal cell cancer,basal cell cancer,-,basal cell cancer,basal cell carcinoma
basal-cell-carcinoma-pigmented-64,5,malignant,basal cell cancer,basal cell cancer,-,basal cell cancer,basal cell carcinoma
basal-cell-carcinoma-pigmented-66,5,malignant,basal cell cancer,basal cell cancer,-,basal cell cancer,basal cell carcinoma
basal-cell-carcinoma-pigmented-68,5,malignant,basal cell cancer,basal cell cancer,-,basal cell cancer,basal cell carcinoma
basal-cell-carcinoma-pigmented-72,5,malignant,basal cell cancer,basal cell cancer,-,basal cell cancer,basal cell carcinoma
basal-cell-carcinoma-pigmented-74,5,malignant,basal cell cancer,basal cell cancer,-,basal cell cancer,basal cell carcinoma
basal-cell-carcinoma-pigmented-75,5,malignant,basal cell cancer,basal cell cancer,-,basal cell cancer,basal cell carcinoma
basal-cell-carcinoma-pigmented-76,5,malignant,basal cell cancer,basal cell cancer,-,basal cell cancer,basal cell carcinoma
basal-cell-carcinoma-pigmented-77,5,malignant,basal cell cancer,basal cell cancer,-,basal cell cancer,basal cell carcinoma
basal-cell-carcinoma-pigmented-9,5,malignant,basal cell cancer,basal cell cancer,-,basal cell cancer,basal cell carcinoma
basal-cell-carcinoma-superficial-13,5,malignant,basal cell cancer,basal cell cancer,-,basal cell cancer,basal cell carcinoma
basal-cell-carcinoma-superficial-14,5,malignant,basal cell cancer,basal cell cancer,-,basal cell cancer,basal cell carcinoma
basal-cell-carcinoma-superficial-15,5,malignant,basal cell cancer,basal cell cancer,-,basal cell cancer,basal cell carcinoma
basal-cell-carcinoma-superficial-17,5,malignant,basal cell cancer,basal cell cancer,-,basal cell cancer,basal cell carcinoma
basal-cell-carcinoma-superficial-2,5,malignant,basal cell cancer,basal cell cancer,-,basal cell cancer,basal cell carcinoma
basal-cell-carcinoma-superficial-20,5,malignant,basal cell cancer,basal cell cancer,-,basal cell cancer,basal cell carcinoma
basal-cell-carcinoma-superficial-23,5,malignant,basal cell cancer,basal cell cancer,-,basal cell cancer,basal cell carcinoma
basal-cell-carcinoma-superficial-24,5,malignant,basal cell cancer,basal cell cancer,-,basal cell cancer,basal cell carcinoma
basal-cell-carcinoma-superficial-26,5,malignant,basal cell cancer,basal cell cancer,-,basal cell cancer,basal cell carcinoma
basal-cell-carcinoma-superficial-28,5,malignant,basal cell cancer,basal cell cancer,-,basal cell cancer,basal cell carcinoma
basal-cell-carcinoma-superficial-3,5,malignant,basal cell cancer,basal cell cancer,-,basal cell cancer,basal cell carcinoma
basal-cell-carcinoma-superficial-30,5,malignant,basal cell cancer,basal cell cancer,-,basal cell cancer,basal cell carcinoma
basal-cell-carcinoma-superficial-36,5,malignant,basal cell cancer,basal cell cancer,-,basal cell cancer,basal cell carcinoma
basal-cell-carcinoma-superficial-38,5,malignant,basal cell cancer,basal cell cancer,-,basal cell cancer,basal cell carcinoma
basal-cell-carcinoma-superficial-4,5,malignant,basal cell cancer,basal cell cancer,-,basal cell cancer,basal cell carcinoma
basal-cell-carcinoma-superficial-49,5,malignant,basal cell cancer,basal cell cancer,-,basal cell cancer,basal cell carcinoma
basal-cell-carcinoma-superficial-52,5,malignant,basal cell cancer,basal cell cancer,-,basal cell cancer,basal cell carcinoma
basal-cell-carcinoma-superficial-55,5,malignant,basal cell cancer,basal cell cancer,-,basal cell cancer,basal cell carcinoma
basal-cell-carcinoma-superficial-57,5,malignant,basal cell cancer,basal cell cancer,-,basal cell cancer,basal cell carcinoma
basal-cell-carcinoma-superficial-58,5,malignant,basal cell cancer,basal cell cancer,-,basal cell cancer,basal cell carcinoma
basal-cell-carcinoma-superficial-6,5,malignant,basal cell cancer,basal cell cancer,-,basal cell cancer,basal cell carcinoma
basal-cell-carcinoma-superficial-60,5,malignant,basal cell cancer,basal cell cancer,-,basal cell cancer,basal cell carcinoma
basal-cell-carcinoma-superficial-8,5,malignant,basal cell cancer,basal cell cancer,-,basal cell cancer,basal cell carcinoma
basal-cell-carcinoma-trunk-ext-2,5,malignant,basal cell cancer,basal cell cancer,-,basal cell cancer,basal cell carcinoma
bowens-disease-13,4,indeterminate - pre-cancerous,actinic keratosis,actinic keratosis,-,actinic keratosis,actinic keratosis
bowens-disease-14,4,indeterminate - pre-cancerous,actinic keratosis,actinic keratosis,-,actinic keratosis,actinic keratosis
bowens-disease-15,4,indeterminate - pre-cancerous,actinic keratosis,actinic keratosis,-,actinic keratosis,actinic keratosis
bowens-disease-20,4,indeterminate - pre-cancerous,actinic keratosis,actinic keratosis,-,actinic keratosis,actinic keratosis
bowens-disease-25,4,indeterminate - pre-cancerous,actinic keratosis,actinic keratosis,-,actinic keratosis,actinic keratosis
bowens-disease-3,4,indeterminate - pre-cancerous,actinic keratosis,actinic keratosis,-,actinic keratosis,actinic keratosis
bowens-disease-38,4,indeterminate - pre-cancerous,actinic keratosis,actinic keratosis,-,actinic keratosis,actinic keratosis
bowens-disease-4,4,indeterminate - pre-cancerous,actinic keratosis,actinic keratosis,-,actinic keratosis,actinic keratosis
bowens-disease-46,4,indeterminate - pre-cancerous,actinic keratosis,actinic keratosis,-,actinic keratosis,actinic keratosis
bowens-disease-50,4,indeterminate - pre-cancerous,actinic keratosis,actinic keratosis,-,actinic keratosis,actinic keratosis
bowens-disease-55,4,indeterminate - pre-cancerous,actinic keratosis,actinic keratosis,-,actinic keratosis,actinic keratosis
bowens-disease-6,4,indeterminate - pre-cancerous,actinic keratosis,actinic keratosis,-,actinic keratosis,actinic keratosis
bowens-disease-68,4,indeterminate - pre-cancerous,actinic keratosis,actinic keratosis,-,actinic keratosis,actinic keratosis
bowens-disease-71,4,indeterminate - pre-cancerous,actinic keratosis,actinic keratosis,-,actinic keratosis,actinic keratosis
bowens-disease-73,4,indeterminate - pre-cancerous,actinic keratosis,actinic keratosis,-,actinic keratosis,actinic keratosis
bowens-disease-78,4,indeterminate - pre-cancerous,actinic keratosis,actinic keratosis,-,actinic keratosis,actinic keratosis
bowens-disease-8,4,indeterminate - pre-cancerous,actinic keratosis,actinic keratosis,-,actinic keratosis,actinic keratosis
bowens-disease-86,4,indeterminate - pre-cancerous,actinic keratosis,actinic keratosis,-,actinic keratosis,actinic keratosis
bowens-disease-93,4,indeterminate - pre-cancerous,actinic keratosis,actinic keratosis,-,actinic keratosis,actinic keratosis
bowens-disease-94,4,indeterminate - pre-cancerous,actinic keratosis,actinic keratosis,-,actinic keratosis,actinic keratosis
blue-nevus-1,2,benign,melanocytic nevus,melanocytic nevus,-,melanocytic / benign nevus,benign melanocytic nevus
blue-nevus-10,2,benign,melanocytic nevus,melanocytic nevus,-,melanocytic / benign nevus,benign melanocytic nevus
blue-nevus-11,2,benign,melanocytic nevus,melanocytic nevus,-,melanocytic / benign nevus,benign melanocytic nevus
blue-nevus-3,2,benign,melanocytic nevus,melanocytic nevus,-,melanocytic / benign nevus,benign melanocytic nevus
blue-nevus-8,2,benign,melanocytic nevus,melanocytic nevus,-,melanocytic / benign nevus,benign melanocytic nevus
blue-nevus-ota-2,2,benign,melanocytic nevus,melanocytic nevus,-,melanocytic / benign nevus,benign melanocytic nevus
blue-nevus-ota-3,2,benign,melanocytic nevus,melanocytic nevus,-,melanocytic / benign nevus,benign melanocytic nevus
blue-nevus-ota-5,2,benign,melanocytic nevus,melanocytic nevus,-,melanocytic / benign nevus,benign melanocytic nevus
halo-nevus-15,2,benign,melanocytic nevus,melanocytic nevus,-,melanocytic / benign nevus,benign melanocytic nevus
halo-nevus-20,2,benign,melanocytic nevus,melanocytic nevus,-,melanocytic / benign nevus,benign melanocytic nevus
halo-nevus-23,2,benign,melanocytic nevus,melanocytic nevus,-,melanocytic / benign nevus,benign melanocytic nevus
halo-nevus-24,2,benign,melanocytic nevus,melanocytic nevus,-,melanocytic / benign nevus,benign melanocytic nevus
halo-nevus-3,2,benign,melanocytic nevus,melanocytic nevus,-,melanocytic / benign nevus,benign melanocytic nevus
halo-nevus-30,2,benign,melanocytic nevus,melanocytic nevus,-,melanocytic / benign nevus,benign melanocytic nevus
halo-nevus-4,2,benign,melanocytic nevus,melanocytic nevus,-,melanocytic / benign nevus,benign melanocytic nevus
halo-nevus-5,2,benign,melanocytic nevus,melanocytic nevus,-,melanocytic / benign nevus,benign melanocytic nevus
malignant-melanoma-1,6,malignant,melanoma,melanoma,-,melanoma,melanoma
malignant-melanoma-10,6,malignant,melanoma,melanoma,-,melanoma,melanoma
malignant-melanoma-102,6,malignant,melanoma,melanoma,-,melanoma,melanoma
malignant-melanoma-103,6,malignant,melanoma,melanoma,-,melanoma,melanoma
malignant-melanoma-104,6,malignant,melanoma,melanoma,-,melanoma,melanoma
malignant-melanoma-105,6,malignant,melanoma,melanoma,-,melanoma,melanoma
malignant-melanoma-107,6,malignant,melanoma,melanoma,-,melanoma,melanoma
malignant-melanoma-109,6,malignant,melanoma,melanoma,-,melanoma,melanoma
malignant-melanoma-11,6,malignant,melanoma,melanoma,-,melanoma,melanoma
malignant-melanoma-111,6,malignant,melanoma,melanoma,-,melanoma,melanoma
malignant-melanoma-112,6,malignant,melanoma,melanoma,-,melanoma,melanoma
malignant-melanoma-113,6,malignant,melanoma,melanoma,-,melanoma,melanoma
malignant-melanoma-114,6,malignant,melanoma,melanoma,-,melanoma,melanoma
malignant-melanoma-115,6,malignant,melanoma,melanoma,-,melanoma,melanoma
malignant-melanoma-116,6,malignant,melanoma,melanoma,-,melanoma,melanoma
malignant-melanoma-117,6,malignant,melanoma,melanoma,-,melanoma,melanoma
malignant-melanoma-119,6,malignant,melanoma,melanoma,-,melanoma,melanoma
malignant-melanoma-120,6,malignant,melanoma,melanoma,-,melanoma,melanoma
malignant-melanoma-123,6,malignant,melanoma,melanoma,-,melanoma,melanoma
malignant-melanoma-125,6,malignant,melanoma,melanoma,-,melanoma,melanoma
malignant-melanoma-13,6,malignant,melanoma,melanoma,-,melanoma,melanoma
malignant-melanoma-130,6,malignant,melanoma,melanoma,-,melanoma,melanoma
malignant-melanoma-131,6,malignant,melanoma,melanoma,-,melanoma,melanoma
malignant-melanoma-132,6,malignant,melanoma,melanoma,-,melanoma,melanoma
malignant-melanoma-134,6,malignant,melanoma,melanoma,-,melanoma,melanoma
malignant-melanoma-135,6,malignant,melanoma,melanoma,-,melanoma,melanoma
malignant-melanoma-139,6,malignant,melanoma,melanoma,-,melanoma,melanoma
malignant-melanoma-14,6,malignant,melanoma,melanoma,-,melanoma,melanoma
malignant-melanoma-142,6,malignant,melanoma,melanoma,-,melanoma,melanoma
malignant-melanoma-143,6,malignant,melanoma,melanoma,-,melanoma,melanoma
malignant-melanoma-145,6,malignant,melanoma,melanoma,-,melanoma,melanoma
malignant-melanoma-146,6,malignant,melanoma,melanoma,-,melanoma,melanoma
malignant-melanoma-147,6,malignant,melanoma,melanoma,-,melanoma,melanoma
malignant-melanoma-154,6,malignant,melanoma,melanoma,-,melanoma,melanoma
malignant-melanoma-155,6,malignant,melanoma,melanoma,-,melanoma,melanoma
malignant-melanoma-156,6,malignant,melanoma,melanoma,-,melanoma,melanoma
malignant-melanoma-157,6,malignant,melanoma,melanoma,-,melanoma,melanoma
malignant-melanoma-158,6,malignant,melanoma,melanoma,-,melanoma,melanoma
malignant-melanoma-159,6,malignant,melanoma,melanoma,-,melanoma,melanoma
malignant-melanoma-160,6,malignant,melanoma,melanoma,-,melanoma,melanoma
malignant-melanoma-163,6,malignant,melanoma,melanoma,-,melanoma,melanoma
malignant-melanoma-164,6,malignant,melanoma,melanoma,-,melanoma,melanoma
malignant-melanoma-167,6,malignant,melanoma,melanoma,-,melanoma,melanoma
malignant-melanoma-17,6,malignant,melanoma,melanoma,-,melanoma,melanoma
malignant-melanoma-171,6,malignant,melanoma,melanoma,-,melanoma,melanoma
malignant-melanoma-172,6,malignant,melanoma,melanoma,-,melanoma,melanoma
malignant-melanoma-174,6,malignant,melanoma,melanoma,-,melanoma,melanoma
malignant-melanoma-175,6,malignant,melanoma,melanoma,-,melanoma,melanoma
malignant-melanoma-178,6,malignant,melanoma,melanoma,-,melanoma,melanoma
malignant-melanoma-179,6,malignant,melanoma,melanoma,-,melanoma,melanoma
malignant-melanoma-18,6,malignant,melanoma,melanoma,-,melanoma,melanoma
malignant-melanoma-182,6,malignant,melanoma,melanoma,-,melanoma,melanoma
malignant-melanoma-183,6,malignant,melanoma,melanoma,-,melanoma,melanoma
malignant-melanoma-184,6,malignant,melanoma,melanoma,-,melanoma,melanoma
malignant-melanoma-187,6,malignant,melanoma,melanoma,-,melanoma,melanoma
malignant-melanoma-189,6,malignant,melanoma,melanoma,-,melanoma,melanoma
malignant-melanoma-2,6,malignant,melanoma,melanoma,-,melanoma,melanoma
malignant-melanoma-21,6,malignant,melanoma,melanoma,-,melanoma,melanoma
malignant-melanoma-22,6,malignant,melanoma,melanoma,-,melanoma,melanoma
malignant-melanoma-83,6,malignant,melanoma,melanoma,-,melanoma,melanoma
malignant-melanoma-86,6,malignant,melanoma,melanoma,-,melanoma,melanoma
malignant-melanoma-88,6,malignant,melanoma,melanoma,-,melanoma,melanoma
malignant-melanoma-92,6,malignant,melanoma,melanoma,-,melanoma,melanoma
malignant-melanoma-93,6,malignant,melanoma,melanoma,-,melanoma,melanoma
malignant-melanoma-94,6,malignant,melanoma,melanoma,-,melanoma,melanoma
malignant-melanoma-96,6,malignant,melanoma,melanoma,-,melanoma,melanoma
melanocytic-nevi-10,2,benign,melanocytic nevus,melanocytic nevus,-,melanocytic / benign nevus,benign melanocytic nevus
melanocytic-nevi-15,2,benign,melanocytic nevus,melanocytic nevus,-,melanocytic / benign nevus,benign melanocytic nevus
melanocytic-nevi-17,2,benign,melanocytic nevus,melanocytic nevus,-,melanocytic / benign nevus,benign melanocytic nevus
melanocytic-nevi-18,2,benign,melanocytic nevus,melanocytic nevus,-,melanocytic / benign nevus,benign melanocytic nevus
melanocytic-nevi-19,2,benign,melanocytic nevus,melanocytic nevus,-,melanocytic / benign nevus,benign melanocytic nevus
melanocytic-nevi-22,2,benign,melanocytic nevus,melanocytic nevus,-,melanocytic / benign nevus,benign melanocytic nevus
melanocytic-nevi-25,2,benign,melanocytic nevus,melanocytic nevus,-,melanocytic / benign nevus,benign melanocytic nevus
melanocytic-nevi-29,2,benign,melanocytic nevus,melanocytic nevus,-,melanocytic / benign nevus,benign melanocytic nevus
melanocytic-nevi-30,2,benign,melanocytic nevus,melanocytic nevus,-,melanocytic / benign nevus,benign melanocytic nevus
melanocytic-nevi-42,2,benign,melanocytic nevus,melanocytic nevus,-,melanocytic / benign nevus,benign melanocytic nevus
melanocytic-nevi-5,2,benign,melanocytic nevus,melanocytic nevus,-,melanocytic / benign nevus,benign melanocytic nevus
melanocytic-nevi-50,2,benign,melanocytic nevus,melanocytic nevus,-,melanocytic / benign nevus,benign melanocytic nevus
melanocytic-nevi-51,2,benign,melanocytic nevus,melanocytic nevus,-,melanocytic / benign nevus,benign melanocytic nevus
melanocytic-nevi-54,2,benign,melanocytic nevus,melanocytic nevus,-,melanocytic / benign nevus,benign melanocytic nevus
melanocytic-nevi-56,2,benign,melanocytic nevus,melanocytic nevus,-,melanocytic / benign nevus,benign melanocytic nevus
melanocytic-nevi-58,2,benign,melanocytic nevus,melanocytic nevus,-,melanocytic / benign nevus,benign melanocytic nevus
melanocytic-nevi-59,2,benign,melanocytic nevus,melanocytic nevus,-,melanocytic / benign nevus,benign melanocytic nevus
melanocytic-nevi-61,2,benign,melanocytic nevus,melanocytic nevus,-,melanocytic / benign nevus,benign melanocytic nevus
melanocytic-nevi-62,2,benign,melanocytic nevus,melanocytic nevus,-,melanocytic / benign nevus,benign melanocytic nevus
melanocytic-nevi-67,2,benign,melanocytic nevus,melanocytic nevus,-,melanocytic / benign nevus,benign melanocytic nevus
melanocytic-nevi-68,2,benign,melanocytic nevus,melanocytic nevus,-,melanocytic / benign nevus,benign melanocytic nevus
melanocytic-nevi-69,2,benign,melanocytic nevus,melanocytic nevus,-,melanocytic / benign nevus,benign melanocytic nevus
melanocytic-nevi-7,2,benign,melanocytic nevus,melanocytic nevus,-,melanocytic / benign nevus,benign melanocytic nevus
melanocytic-nevi-72,2,benign,melanocytic nevus,melanocytic nevus,-,melanocytic / benign nevus,benign melanocytic nevus
melanocytic-nevi-74,2,benign,melanocytic nevus,melanocytic nevus,-,melanocytic / benign nevus,benign melanocytic nevus
melanocytic-nevi-8,2,benign,melanocytic nevus,melanocytic nevus,-,melanocytic / benign nevus,benign melanocytic nevus
melanocytic-nevi-81,2,benign,melanocytic nevus,melanocytic nevus,-,melanocytic / benign nevus,benign melanocytic nevus
melanocytic-nevi-82,2,benign,melanocytic nevus,melanocytic nevus,-,melanocytic / benign nevus,benign melanocytic nevus
melanocytic-nevi-86,2,benign,melanocytic nevus,melanocytic nevus,-,melanocytic / benign nevus,benign melanocytic nevus
melanocytic-nevi-92,2,benign,melanocytic nevus,melanocytic nevus,-,melanocytic / benign nevus,benign melanocytic nevus
melanocytic-nevi-93,2,benign,melanocytic nevus,melanocytic nevus,-,melanocytic / benign nevus,benign melanocytic nevus
melanocytic-nevi-96,2,benign,melanocytic nevus,melanocytic nevus,-,melanocytic / benign nevus,benign melanocytic nevus
lichen-planus-100,0,benign,seborrheic keratosis,seborrheic keratosis,-,benign/seborrheic keratosis,seborrheic keratosis & pigmented keratoses
lichen-planus-108,0,benign,seborrheic keratosis,seborrheic keratosis,-,benign/seborrheic keratosis,seborrheic keratosis & pigmented keratoses
lichen-planus-109,0,benign,seborrheic keratosis,seborrheic keratosis,-,benign/seborrheic keratosis,seborrheic keratosis & pigmented keratoses
lichen-planus-126,0,benign,seborrheic keratosis,seborrheic keratosis,-,benign/seborrheic keratosis,seborrheic keratosis & pigmented keratoses
lichen-planus-131,0,benign,seborrheic keratosis,seborrheic keratosis,-,benign/seborrheic keratosis,seborrheic keratosis & pigmented keratoses
lichen-planus-132,0,benign,seborrheic keratosis,seborrheic keratosis,-,benign/seborrheic keratosis,seborrheic keratosis & pigmented keratoses
lichen-planus-133,0,benign,seborrheic keratosis,seborrheic keratosis,-,benign/seborrheic keratosis,seborrheic keratosis & pigmented keratoses
lichen-planus-149,0,benign,seborrheic keratosis,seborrheic keratosis,-,benign/seborrheic keratosis,seborrheic keratosis & pigmented keratoses
lichen-planus-151,0,benign,seborrheic keratosis,seborrheic keratosis,-,benign/seborrheic keratosis,seborrheic keratosis & pigmented keratoses
lichen-planus-159,0,benign,seborrheic keratosis,seborrheic keratosis,-,benign/seborrheic keratosis,seborrheic keratosis & pigmented keratoses
lichen-planus-160,0,benign,seborrheic keratosis,seborrheic keratosis,-,benign/seborrheic keratosis,seborrheic keratosis & pigmented keratoses
lichen-planus-174,0,benign,seborrheic keratosis,seborrheic keratosis,-,benign/seborrheic keratosis,seborrheic keratosis & pigmented keratoses
lichen-planus-175,0,benign,seborrheic keratosis,seborrheic keratosis,-,benign/seborrheic keratosis,seborrheic keratosis & pigmented keratoses
lichen-planus-182,0,benign,seborrheic keratosis,seborrheic keratosis,-,benign/seborrheic keratosis,seborrheic keratosis & pigmented keratoses
lichen-planus-184,0,benign,seborrheic keratosis,seborrheic keratosis,-,benign/seborrheic keratosis,seborrheic keratosis & pigmented keratoses
lichen-planus-203,0,benign,seborrheic keratosis,seborrheic keratosis,-,benign/seborrheic keratosis,seborrheic keratosis & pigmented keratoses
lichen-planus-211,0,benign,seborrheic keratosis,seborrheic keratosis,-,benign/seborrheic keratosis,seborrheic keratosis & pigmented keratoses
lichen-planus-212,0,benign,seborrheic keratosis,seborrheic keratosis,-,benign/seborrheic keratosis,seborrheic keratosis & pigmented keratoses
lichen-planus-86,0,benign,seborrheic keratosis,seborrheic keratosis,-,benign/seborrheic keratosis,seborrheic keratosis & pigmented keratoses
lichen-planus-96,0,benign,seborrheic keratosis,seborrheic keratosis,-,benign/seborrheic keratosis,seborrheic keratosis & pigmented keratoses
Lichen-Planus-Drug-18,0,benign,seborrheic keratosis,seborrheic keratosis,-,benign/seborrheic keratosis,seborrheic keratosis & pigmented keratoses
Lichen-Planus-Hypertrophic-14,0,benign,seborrheic keratosis,seborrheic keratosis,-,benign/seborrheic keratosis,seborrheic keratosis & pigmented keratoses
Lichen-Planus-Hypertrophic-4,0,benign,seborrheic keratosis,seborrheic keratosis,-,benign/seborrheic keratosis,seborrheic keratosis & pigmented keratoses
Lichen-Planus-Hypertrophic-7,0,benign,seborrheic keratosis,seborrheic keratosis,-,benign/seborrheic keratosis,seborrheic keratosis & pigmented keratoses
lichen-planus-106,0,benign,seborrheic keratosis,seborrheic keratosis,-,benign/seborrheic keratosis,seborrheic keratosis & pigmented keratoses
lichen-planus-134,0,benign,seborrheic keratosis,seborrheic keratosis,-,benign/seborrheic keratosis,seborrheic keratosis & pigmented keratoses
lichen-planus-198,0,benign,seborrheic keratosis,seborrheic keratosis,-,benign/seborrheic keratosis,seborrheic keratosis & pigmented keratoses
lichen-planus-204,0,benign,seborrheic keratosis,seborrheic keratosis,-,benign/seborrheic keratosis,seborrheic keratosis & pigmented keratoses
dermatofibroma-100,1,benign,dermatofibroma,dermatofibroma,-,dermatofibroma,dermatofibroma / fibrous lesions
dermatofibroma-102,1,benign,dermatofibroma,dermatofibroma,-,dermatofibroma,dermatofibroma / fibrous lesions
dermatofibroma-107,1,benign,dermatofibroma,dermatofibroma,-,dermatofibroma,dermatofibroma / fibrous lesions
dermatofibroma-110,1,benign,dermatofibroma,dermatofibroma,-,dermatofibroma,dermatofibroma / fibrous lesions
dermatofibroma-111,1,benign,dermatofibroma,dermatofibroma,-,dermatofibroma,dermatofibroma / fibrous lesions
dermatofibroma-113,1,benign,dermatofibroma,dermatofibroma,-,dermatofibroma,dermatofibroma / fibrous lesions
dermatofibroma-114,1,benign,dermatofibroma,dermatofibroma,-,dermatofibroma,dermatofibroma / fibrous lesions
dermatofibroma-118,1,benign,dermatofibroma,dermatofibroma,-,dermatofibroma,dermatofibroma / fibrous lesions
dermatofibroma-119,1,benign,dermatofibroma,dermatofibroma,-,dermatofibroma,dermatofibroma / fibrous lesions
dermatofibroma-120,1,benign,dermatofibroma,dermatofibroma,-,dermatofibroma,dermatofibroma / fibrous lesions
dermatofibroma-127,1,benign,dermatofibroma,dermatofibroma,-,dermatofibroma,dermatofibroma / fibrous lesions
dermatofibroma-128,1,benign,dermatofibroma,dermatofibroma,-,dermatofibroma,dermatofibroma / fibrous lesions
dermatofibroma-129,1,benign,dermatofibroma,dermatofibroma,-,dermatofibroma,dermatofibroma / fibrous lesions
dermatofibroma-130,1,benign,dermatofibroma,dermatofibroma,-,dermatofibroma,dermatofibroma / fibrous lesions
dermatofibroma-136,1,benign,dermatofibroma,dermatofibroma,-,dermatofibroma,dermatofibroma / fibrous lesions
dermatofibroma-15,1,benign,dermatofibroma,dermatofibroma,-,dermatofibroma,dermatofibroma / fibrous lesions
dermatofibroma-2,1,benign,dermatofibroma,dermatofibroma,-,dermatofibroma,dermatofibroma / fibrous lesions
dermatofibroma-20,1,benign,dermatofibroma,dermatofibroma,-,dermatofibroma,dermatofibroma / fibrous lesions
dermatofibroma-25,1,benign,dermatofibroma,dermatofibroma,-,dermatofibroma,dermatofibroma / fibrous lesions
dermatofibroma-29,1,benign,dermatofibroma,dermatofibroma,-,dermatofibroma,dermatofibroma / fibrous lesions
dermatofibroma-30,1,benign,dermatofibroma,dermatofibroma,-,dermatofibroma,dermatofibroma / fibrous lesions
dermatofibroma-32,1,benign,dermatofibroma,dermatofibroma,-,dermatofibroma,dermatofibroma / fibrous lesions
dermatofibroma-33,1,benign,dermatofibroma,dermatofibroma,-,dermatofibroma,dermatofibroma / fibrous lesions
dermatofibroma-34,1,benign,dermatofibroma,dermatofibroma,-,dermatofibroma,dermatofibroma / fibrous lesions
dermatofibroma-35,1,benign,dermatofibroma,dermatofibroma,-,dermatofibroma,dermatofibroma / fibrous lesions
dermatofibroma-36,1,benign,dermatofibroma,dermatofibroma,-,dermatofibroma,dermatofibroma / fibrous lesions
dermatofibroma-37,1,benign,dermatofibroma,dermatofibroma,-,dermatofibroma,dermatofibroma / fibrous lesions
dermatofibroma-38,1,benign,dermatofibroma,dermatofibroma,-,dermatofibroma,dermatofibroma / fibrous lesions
dermatofibroma-41,1,benign,dermatofibroma,dermatofibroma,-,dermatofibroma,dermatofibroma / fibrous lesions
dermatofibroma-42,1,benign,dermatofibroma,dermatofibroma,-,dermatofibroma,dermatofibroma / fibrous lesions
dermatofibroma-43,1,benign,dermatofibroma,dermatofibroma,-,dermatofibroma,dermatofibroma / fibrous lesions
dermatofibroma-44,1,benign,dermatofibroma,dermatofibroma,-,dermatofibroma,dermatofibroma / fibrous lesions
dermatofibroma-46,1,benign,dermatofibroma,dermatofibroma,-,dermatofibroma,dermatofibroma / fibrous lesions
dermatofibroma-51,1,benign,dermatofibroma,dermatofibroma,-,dermatofibroma,dermatofibroma / fibrous lesions
dermatofibroma-53,1,benign,dermatofibroma,dermatofibroma,-,dermatofibroma,dermatofibroma / fibrous lesions
dermatofibroma-55,1,benign,dermatofibroma,dermatofibroma,-,dermatofibroma,dermatofibroma / fibrous lesions
dermatofibroma-56,1,benign,dermatofibroma,dermatofibroma,-,dermatofibroma,dermatofibroma / fibrous lesions
dermatofibroma-59,1,benign,dermatofibroma,dermatofibroma,-,dermatofibroma,dermatofibroma / fibrous lesions
dermatofibroma-6,1,benign,dermatofibroma,dermatofibroma,-,dermatofibroma,dermatofibroma / fibrous lesions
dermatofibroma-60,1,benign,dermatofibroma,dermatofibroma,-,dermatofibroma,dermatofibroma / fibrous lesions
dermatofibroma-61,1,benign,dermatofibroma,dermatofibroma,-,dermatofibroma,dermatofibroma / fibrous lesions
dermatofibroma-62,1,benign,dermatofibroma,dermatofibroma,-,dermatofibroma,dermatofibroma / fibrous lesions
dermatofibroma-63,1,benign,dermatofibroma,dermatofibroma,-,dermatofibroma,dermatofibroma / fibrous lesions
dermatofibroma-64,1,benign,dermatofibroma,dermatofibroma,-,dermatofibroma,dermatofibroma / fibrous lesions
dermatofibroma-69,1,benign,dermatofibroma,dermatofibroma,-,dermatofibroma,dermatofibroma / fibrous lesions
dermatofibroma-71,1,benign,dermatofibroma,dermatofibroma,-,dermatofibroma,dermatofibroma / fibrous lesions
dermatofibroma-73,1,benign,dermatofibroma,dermatofibroma,-,dermatofibroma,dermatofibroma / fibrous lesions
dermatofibroma-75,1,benign,dermatofibroma,dermatofibroma,-,dermatofibroma,dermatofibroma / fibrous lesions
dermatofibroma-76,1,benign,dermatofibroma,dermatofibroma,-,dermatofibroma,dermatofibroma / fibrous lesions
dermatofibroma-8,1,benign,dermatofibroma,dermatofibroma,-,dermatofibroma,dermatofibroma / fibrous lesions
dermatofibroma-80,1,benign,dermatofibroma,dermatofibroma,-,dermatofibroma,dermatofibroma / fibrous lesions
dermatofibroma-81,1,benign,dermatofibroma,dermatofibroma,-,dermatofibroma,dermatofibroma / fibrous lesions
dermatofibroma-85,1,benign,dermatofibroma,dermatofibroma,-,dermatofibroma,dermatofibroma / fibrous lesions
dermatofibroma-88,1,benign,dermatofibroma,dermatofibroma,-,dermatofibroma,dermatofibroma / fibrous lesions
dermatofibroma-94,1,benign,dermatofibroma,dermatofibroma,-,dermatofibroma,dermatofibroma / fibrous lesions
melanoma-mimic-1,6,malignant,melanoma,melanoma,-,melanoma,melanoma
melanoma-mimic-11,6,malignant,melanoma,melanoma,-,melanoma,melanoma
melanoma-mimic-12,6,malignant,melanoma,melanoma,-,melanoma,melanoma
melanoma-mimic-13,6,malignant,melanoma,melanoma,-,melanoma,melanoma
melanoma-mimic-14,6,malignant,melanoma,melanoma,-,melanoma,melanoma
melanoma-mimic-16,6,malignant,melanoma,melanoma,-,melanoma,melanoma
melanoma-mimic-17,6,malignant,melanoma,melanoma,-,melanoma,melanoma
melanoma-mimic-18,6,malignant,melanoma,melanoma,-,melanoma,melanoma
melanoma-mimic-19,6,malignant,melanoma,melanoma,-,melanoma,melanoma
melanoma-mimic-21,6,malignant,melanoma,melanoma,-,melanoma,melanoma
melanoma-mimic-3,6,malignant,melanoma,melanoma,-,melanoma,melanoma
melanoma-mimic-34,6,malignant,melanoma,melanoma,-,melanoma,melanoma
melanoma-mimic-4,6,malignant,melanoma,melanoma,-,melanoma,melanoma
melanoma-mimic-6,6,malignant,melanoma,melanoma,-,melanoma,melanoma
seborrheic-keratoses-ruff-00134,0,benign,seborrheic keratosis,seborrheic keratosis,-,benign/seborrheic keratosis,seborrheic keratosis & pigmented keratoses
seborrheic-keratoses-ruff-104,0,benign,seborrheic keratosis,seborrheic keratosis,-,benign/seborrheic keratosis,seborrheic keratosis & pigmented keratoses
seborrheic-keratoses-ruff-105,0,benign,seborrheic keratosis,seborrheic keratosis,-,benign/seborrheic keratosis,seborrheic keratosis & pigmented keratoses
seborrheic-keratoses-ruff-106,0,benign,seborrheic keratosis,seborrheic keratosis,-,benign/seborrheic keratosis,seborrheic keratosis & pigmented keratoses
seborrheic-keratoses-ruff-109,0,benign,seborrheic keratosis,seborrheic keratosis,-,benign/seborrheic keratosis,seborrheic keratosis & pigmented keratoses
seborrheic-keratoses-ruff-11,0,benign,seborrheic keratosis,seborrheic keratosis,-,benign/seborrheic keratosis,seborrheic keratosis & pigmented keratoses
seborrheic-keratoses-ruff-110,0,benign,seborrheic keratosis,seborrheic keratosis,-,benign/seborrheic keratosis,seborrheic keratosis & pigmented keratoses
seborrheic-keratoses-ruff-112,0,benign,seborrheic keratosis,seborrheic keratosis,-,benign/seborrheic keratosis,seborrheic keratosis & pigmented keratoses
seborrheic-keratoses-ruff-113,0,benign,seborrheic keratosis,seborrheic keratosis,-,benign/seborrheic keratosis,seborrheic keratosis & pigmented keratoses
seborrheic-keratoses-ruff-115,0,benign,seborrheic keratosis,seborrheic keratosis,-,benign/seborrheic keratosis,seborrheic keratosis & pigmented keratoses
seborrheic-keratoses-ruff-117,0,benign,seborrheic keratosis,seborrheic keratosis,-,benign/seborrheic keratosis,seborrheic keratosis & pigmented keratoses
seborrheic-keratoses-ruff-118,0,benign,seborrheic keratosis,seborrheic keratosis,-,benign/seborrheic keratosis,seborrheic keratosis & pigmented keratoses
seborrheic-keratoses-ruff-119,0,benign,seborrheic keratosis,seborrheic keratosis,-,benign/seborrheic keratosis,seborrheic keratosis & pigmented keratoses
seborrheic-keratoses-ruff-12,0,benign,seborrheic keratosis,seborrheic keratosis,-,benign/seborrheic keratosis,seborrheic keratosis & pigmented keratoses
seborrheic-keratoses-ruff-121,0,benign,seborrheic keratosis,seborrheic keratosis,-,benign/seborrheic keratosis,seborrheic keratosis & pigmented keratoses
seborrheic-keratoses-ruff-122,0,benign,seborrheic keratosis,seborrheic keratosis,-,benign/seborrheic keratosis,seborrheic keratosis & pigmented keratoses
seborrheic-keratoses-ruff-124,0,benign,seborrheic keratosis,seborrheic keratosis,-,benign/seborrheic keratosis,seborrheic keratosis & pigmented keratoses
seborrheic-keratoses-ruff-127,0,benign,seborrheic keratosis,seborrheic keratosis,-,benign/seborrheic keratosis,seborrheic keratosis & pigmented keratoses
seborrheic-keratoses-ruff-128,0,benign,seborrheic keratosis,seborrheic keratosis,-,benign/seborrheic keratosis,seborrheic keratosis & pigmented keratoses
seborrheic-keratoses-ruff-129,0,benign,seborrheic keratosis,seborrheic keratosis,-,benign/seborrheic keratosis,seborrheic keratosis & pigmented keratoses
seborrheic-keratoses-ruff-13,0,benign,seborrheic keratosis,seborrheic keratosis,-,benign/seborrheic keratosis,seborrheic keratosis & pigmented keratoses
seborrheic-keratoses-ruff-131,0,benign,seborrheic keratosis,seborrheic keratosis,-,benign/seborrheic keratosis,seborrheic keratosis & pigmented keratoses
seborrheic-keratoses-ruff-132,0,benign,seborrheic keratosis,seborrheic keratosis,-,benign/seborrheic keratosis,seborrheic keratosis & pigmented keratoses
seborrheic-keratoses-ruff-136,0,benign,seborrheic keratosis,seborrheic keratosis,-,benign/seborrheic keratosis,seborrheic keratosis & pigmented keratoses
seborrheic-keratoses-ruff-140,0,benign,seborrheic keratosis,seborrheic keratosis,-,benign/seborrheic keratosis,seborrheic keratosis & pigmented keratoses
seborrheic-keratoses-ruff-142,0,benign,seborrheic keratosis,seborrheic keratosis,-,benign/seborrheic keratosis,seborrheic keratosis & pigmented keratoses
seborrheic-keratoses-ruff-143,0,benign,seborrheic keratosis,seborrheic keratosis,-,benign/seborrheic keratosis,seborrheic keratosis & pigmented keratoses
seborrheic-keratoses-ruff-144,0,benign,seborrheic keratosis,seborrheic keratosis,-,benign/seborrheic keratosis,seborrheic keratosis & pigmented keratoses
seborrheic-keratoses-ruff-145,0,benign,seborrheic keratosis,seborrheic keratosis,-,benign/seborrheic keratosis,seborrheic keratosis & pigmented keratoses
seborrheic-keratoses-ruff-147,0,benign,seborrheic keratosis,seborrheic keratosis,-,benign/seborrheic keratosis,seborrheic keratosis & pigmented keratoses
seborrheic-keratoses-ruff-15,0,benign,seborrheic keratosis,seborrheic keratosis,-,benign/seborrheic keratosis,seborrheic keratosis & pigmented keratoses
seborrheic-keratoses-ruff-150,0,benign,seborrheic keratosis,seborrheic keratosis,-,benign/seborrheic keratosis,seborrheic keratosis & pigmented keratoses
seborrheic-keratoses-ruff-153,0,benign,seborrheic keratosis,seborrheic keratosis,-,benign/seborrheic keratosis,seborrheic keratosis & pigmented keratoses
seborrheic-keratoses-ruff-154,0,benign,seborrheic keratosis,seborrheic keratosis,-,benign/seborrheic keratosis,seborrheic keratosis & pigmented keratoses
seborrheic-keratoses-ruff-158,0,benign,seborrheic keratosis,seborrheic keratosis,-,benign/seborrheic keratosis,seborrheic keratosis & pigmented keratoses
seborrheic-keratoses-ruff-16,0,benign,seborrheic keratosis,seborrheic keratosis,-,benign/seborrheic keratosis,seborrheic keratosis & pigmented keratoses
seborrheic-keratoses-ruff-161,0,benign,seborrheic keratosis,seborrheic keratosis,-,benign/seborrheic keratosis,seborrheic keratosis & pigmented keratoses
seborrheic-keratoses-ruff-165,0,benign,seborrheic keratosis,seborrheic keratosis,-,benign/seborrheic keratosis,seborrheic keratosis & pigmented keratoses
seborrheic-keratoses-ruff-166,0,benign,seborrheic keratosis,seborrheic keratosis,-,benign/seborrheic keratosis,seborrheic keratosis & pigmented keratoses
seborrheic-keratoses-ruff-168,0,benign,seborrheic keratosis,seborrheic keratosis,-,benign/seborrheic keratosis,seborrheic keratosis & pigmented keratoses
seborrheic-keratoses-ruff-171,0,benign,seborrheic keratosis,seborrheic keratosis,-,benign/seborrheic keratosis,seborrheic keratosis & pigmented keratoses
seborrheic-keratoses-ruff-172,0,benign,seborrheic keratosis,seborrheic keratosis,-,benign/seborrheic keratosis,seborrheic keratosis & pigmented keratoses
seborrheic-keratoses-ruff-173,0,benign,seborrheic keratosis,seborrheic keratosis,-,benign/seborrheic keratosis,seborrheic keratosis & pigmented keratoses
seborrheic-keratoses-ruff-175,0,benign,seborrheic keratosis,seborrheic keratosis,-,benign/seborrheic keratosis,seborrheic keratosis & pigmented keratoses
seborrheic-keratoses-ruff-176,0,benign,seborrheic keratosis,seborrheic keratosis,-,benign/seborrheic keratosis,seborrheic keratosis & pigmented keratoses
seborrheic-keratoses-ruff-177,0,benign,seborrheic keratosis,seborrheic keratosis,-,benign/seborrheic keratosis,seborrheic keratosis & pigmented keratoses
seborrheic-keratoses-ruff-18,0,benign,seborrheic keratosis,seborrheic keratosis,-,benign/seborrheic keratosis,seborrheic keratosis & pigmented keratoses
seborrheic-keratoses-ruff-189,0,benign,seborrheic keratosis,seborrheic keratosis,-,benign/seborrheic keratosis,seborrheic keratosis & pigmented keratoses
seborrheic-keratoses-ruff-190,0,benign,seborrheic keratosis,seborrheic keratosis,-,benign/seborrheic keratosis,seborrheic keratosis & pigmented keratoses
seborrheic-keratoses-ruff-191,0,benign,seborrheic keratosis,seborrheic keratosis,-,benign/seborrheic keratosis,seborrheic keratosis & pigmented keratoses
seborrheic-keratoses-ruff-194,0,benign,seborrheic keratosis,seborrheic keratosis,-,benign/seborrheic keratosis,seborrheic keratosis & pigmented keratoses
seborrheic-keratoses-ruff-8,0,benign,seborrheic keratosis,seborrheic keratosis,-,benign/seborrheic keratosis,seborrheic keratosis & pigmented keratoses
seborrheic-keratoses-ruff-81,0,benign,seborrheic keratosis,seborrheic keratosis,-,benign/seborrheic keratosis,seborrheic keratosis & pigmented keratoses
seborrheic-keratoses-ruff-84,0,benign,seborrheic keratosis,seborrheic keratosis,-,benign/seborrheic keratosis,seborrheic keratosis & pigmented keratoses
seborrheic-keratoses-ruff-85,0,benign,seborrheic keratosis,seborrheic keratosis,-,benign/seborrheic keratosis,seborrheic keratosis & pigmented keratoses
seborrheic-keratoses-ruff-86,0,benign,seborrheic keratosis,seborrheic keratosis,-,benign/seborrheic keratosis,seborrheic keratosis & pigmented keratoses
seborrheic-keratoses-ruff-87,0,benign,seborrheic keratosis,seborrheic keratosis,-,benign/seborrheic keratosis,seborrheic keratosis & pigmented keratoses
seborrheic-keratoses-ruff-88,0,benign,seborrheic keratosis,seborrheic keratosis,-,benign/seborrheic keratosis,seborrheic keratosis & pigmented keratoses
seborrheic-keratoses-ruff-9,0,benign,seborrheic keratosis,seborrheic keratosis,-,benign/seborrheic keratosis,seborrheic keratosis & pigmented keratoses
seborrheic-keratoses-ruff-90,0,benign,seborrheic keratosis,seborrheic keratosis,-,benign/seborrheic keratosis,seborrheic keratosis & pigmented keratoses
seborrheic-keratoses-ruff-93,0,benign,seborrheic keratosis,seborrheic keratosis,-,benign/seborrheic keratosis,seborrheic keratosis & pigmented keratoses
seborrheic-keratoses-ruff-95,0,benign,seborrheic keratosis,seborrheic keratosis,-,benign/seborrheic keratosis,seborrheic keratosis & pigmented keratoses
seborrheic-keratoses-smooth-1,0,benign,seborrheic keratosis,seborrheic keratosis,-,benign/seborrheic keratosis,seborrheic keratosis & pigmented keratoses
seborrheic-keratoses-smooth-100,0,benign,seborrheic keratosis,seborrheic keratosis,-,benign/seborrheic keratosis,seborrheic keratosis & pigmented keratoses
seborrheic-keratoses-smooth-101,0,benign,seborrheic keratosis,seborrheic keratosis,-,benign/seborrheic keratosis,seborrheic keratosis & pigmented keratoses
seborrheic-keratoses-smooth-117,0,benign,seborrheic keratosis,seborrheic keratosis,-,benign/seborrheic keratosis,seborrheic keratosis & pigmented keratoses
seborrheic-keratoses-smooth-118,0,benign,seborrheic keratosis,seborrheic keratosis,-,benign/seborrheic keratosis,seborrheic keratosis & pigmented keratoses
seborrheic-keratoses-smooth-119,0,benign,seborrheic keratosis,seborrheic keratosis,-,benign/seborrheic keratosis,seborrheic keratosis & pigmented keratoses
seborrheic-keratoses-smooth-12,0,benign,seborrheic keratosis,seborrheic keratosis,-,benign/seborrheic keratosis,seborrheic keratosis & pigmented keratoses
seborrheic-keratoses-smooth-120,0,benign,seborrheic keratosis,seborrheic keratosis,-,benign/seborrheic keratosis,seborrheic keratosis & pigmented keratoses
seborrheic-keratoses-smooth-122,0,benign,seborrheic keratosis,seborrheic keratosis,-,benign/seborrheic keratosis,seborrheic keratosis & pigmented keratoses
seborrheic-keratoses-smooth-123,0,benign,seborrheic keratosis,seborrheic keratosis,-,benign/seborrheic keratosis,seborrheic keratosis & pigmented keratoses
seborrheic-keratoses-smooth-125,0,benign,seborrheic keratosis,seborrheic keratosis,-,benign/seborrheic keratosis,seborrheic keratosis & pigmented keratoses
seborrheic-keratoses-smooth-128,0,benign,seborrheic keratosis,seborrheic keratosis,-,benign/seborrheic keratosis,seborrheic keratosis & pigmented keratoses
seborrheic-keratoses-smooth-130,0,benign,seborrheic keratosis,seborrheic keratosis,-,benign/seborrheic keratosis,seborrheic keratosis & pigmented keratoses
seborrheic-keratoses-smooth-131,0,benign,seborrheic keratosis,seborrheic keratosis,-,benign/seborrheic keratosis,seborrheic keratosis & pigmented keratoses
seborrheic-keratoses-smooth-18,0,benign,seborrheic keratosis,seborrheic keratosis,-,benign/seborrheic keratosis,seborrheic keratosis & pigmented keratoses
seborrheic-keratoses-smooth-19,0,benign,seborrheic keratosis,seborrheic keratosis,-,benign/seborrheic keratosis,seborrheic keratosis & pigmented keratoses
seborrheic-keratoses-smooth-2,0,benign,seborrheic keratosis,seborrheic keratosis,-,benign/seborrheic keratosis,seborrheic keratosis & pigmented keratoses
seborrheic-keratoses-smooth-22,0,benign,seborrheic keratosis,seborrheic keratosis,-,benign/seborrheic keratosis,seborrheic keratosis & pigmented keratoses
seborrheic-keratoses-smooth-27,0,benign,seborrheic keratosis,seborrheic keratosis,-,benign/seborrheic keratosis,seborrheic keratosis & pigmented keratoses
seborrheic-keratoses-smooth-30,0,benign,seborrheic keratosis,seborrheic keratosis,-,benign/seborrheic keratosis,seborrheic keratosis & pigmented keratoses
seborrheic-keratoses-smooth-33,0,benign,seborrheic keratosis,seborrheic keratosis,-,benign/seborrheic keratosis,seborrheic keratosis & pigmented keratoses
seborrheic-keratoses-smooth-34,0,benign,seborrheic keratosis,seborrheic keratosis,-,benign/seborrheic keratosis,seborrheic keratosis & pigmented keratoses
seborrheic-keratoses-smooth-37,0,benign,seborrheic keratosis,seborrheic keratosis,-,benign/seborrheic keratosis,seborrheic keratosis & pigmented keratoses
seborrheic-keratoses-smooth-39,0,benign,seborrheic keratosis,seborrheic keratosis,-,benign/seborrheic keratosis,seborrheic keratosis & pigmented keratoses
seborrheic-keratoses-smooth-40,0,benign,seborrheic keratosis,seborrheic keratosis,-,benign/seborrheic keratosis,seborrheic keratosis & pigmented keratoses
seborrheic-keratoses-smooth-45,0,benign,seborrheic keratosis,seborrheic keratosis,-,benign/seborrheic keratosis,seborrheic keratosis & pigmented keratoses
seborrheic-keratoses-smooth-46,0,benign,seborrheic keratosis,seborrheic keratosis,-,benign/seborrheic keratosis,seborrheic keratosis & pigmented keratoses
seborrheic-keratoses-smooth-49,0,benign,seborrheic keratosis,seborrheic keratosis,-,benign/seborrheic keratosis,seborrheic keratosis & pigmented keratoses
seborrheic-keratoses-smooth-5,0,benign,seborrheic keratosis,seborrheic keratosis,-,benign/seborrheic keratosis,seborrheic keratosis & pigmented keratoses
seborrheic-keratoses-smooth-51,0,benign,seborrheic keratosis,seborrheic keratosis,-,benign/seborrheic keratosis,seborrheic keratosis & pigmented keratoses
seborrheic-keratoses-smooth-52,0,benign,seborrheic keratosis,seborrheic keratosis,-,benign/seborrheic keratosis,seborrheic keratosis & pigmented keratoses
seborrheic-keratoses-smooth-54,0,benign,seborrheic keratosis,seborrheic keratosis,-,benign/seborrheic keratosis,seborrheic keratosis & pigmented keratoses
seborrheic-keratoses-smooth-55,0,benign,seborrheic keratosis,seborrheic keratosis,-,benign/seborrheic keratosis,seborrheic keratosis & pigmented keratoses
seborrheic-keratoses-smooth-56,0,benign,seborrheic keratosis,seborrheic keratosis,-,benign/seborrheic keratosis,seborrheic keratosis & pigmented keratoses
seborrheic-keratoses-smooth-58,0,benign,seborrheic keratosis,seborrheic keratosis,-,benign/seborrheic keratosis,seborrheic keratosis & pigmented keratoses
seborrheic-keratoses-smooth-59,0,benign,seborrheic keratosis,seborrheic keratosis,-,benign/seborrheic keratosis,seborrheic keratosis & pigmented keratoses
seborrheic-keratoses-smooth-60,0,benign,seborrheic keratosis,seborrheic keratosis,-,benign/seborrheic keratosis,seborrheic keratosis & pigmented keratoses
seborrheic-keratoses-smooth-61,0,benign,seborrheic keratosis,seborrheic keratosis,-,benign/seborrheic keratosis,seborrheic keratosis & pigmented keratoses
seborrheic-keratoses-smooth-64,0,benign,seborrheic keratosis,seborrheic keratosis,-,benign/seborrheic keratosis,seborrheic keratosis & pigmented keratoses
seborrheic-keratoses-smooth-65,0,benign,seborrheic keratosis,seborrheic keratosis,-,benign/seborrheic keratosis,seborrheic keratosis & pigmented keratoses
seborrheic-keratoses-smooth-67,0,benign,seborrheic keratosis,seborrheic keratosis,-,benign/seborrheic keratosis,seborrheic keratosis & pigmented keratoses
seborrheic-keratoses-smooth-69,0,benign,seborrheic keratosis,seborrheic keratosis,-,benign/seborrheic keratosis,seborrheic keratosis & pigmented keratoses
seborrheic-keratoses-smooth-70,0,benign,seborrheic keratosis,seborrheic keratosis,-,benign/seborrheic keratosis,seborrheic keratosis & pigmented keratoses
seborrheic-keratoses-smooth-73,0,benign,seborrheic keratosis,seborrheic keratosis,-,benign/seborrheic keratosis,seborrheic keratosis & pigmented keratoses
seborrheic-keratoses-smooth-74,0,benign,seborrheic keratosis,seborrheic keratosis,-,benign/seborrheic keratosis,seborrheic keratosis & pigmented keratoses
seborrheic-keratoses-smooth-75,0,benign,seborrheic keratosis,seborrheic keratosis,-,benign/seborrheic keratosis,seborrheic keratosis & pigmented keratoses
seborrheic-keratoses-smooth-77,0,benign,seborrheic keratosis,seborrheic keratosis,-,benign/seborrheic keratosis,seborrheic keratosis & pigmented keratoses
seborrheic-keratoses-smooth-79,0,benign,seborrheic keratosis,seborrheic keratosis,-,benign/seborrheic keratosis,seborrheic keratosis & pigmented keratoses
seborrheic-keratoses-smooth-8,0,benign,seborrheic keratosis,seborrheic keratosis,-,benign/seborrheic keratosis,seborrheic keratosis & pigmented keratoses
seborrheic-keratoses-smooth-80,0,benign,seborrheic keratosis,seborrheic keratosis,-,benign/seborrheic keratosis,seborrheic keratosis & pigmented keratoses
seborrheic-keratoses-smooth-81,0,benign,seborrheic keratosis,seborrheic keratosis,-,benign/seborrheic keratosis,seborrheic keratosis & pigmented keratoses
seborrheic-keratoses-smooth-82,0,benign,seborrheic keratosis,seborrheic keratosis,-,benign/seborrheic keratosis,seborrheic keratosis & pigmented keratoses
seborrheic-keratoses-smooth-83,0,benign,seborrheic keratosis,seborrheic keratosis,-,benign/seborrheic keratosis,seborrheic keratosis & pigmented keratoses
seborrheic-keratoses-smooth-85,0,benign,seborrheic keratosis,seborrheic keratosis,-,benign/seborrheic keratosis,seborrheic keratosis & pigmented keratoses
seborrheic-keratoses-smooth-87,0,benign,seborrheic keratosis,seborrheic keratosis,-,benign/seborrheic keratosis,seborrheic keratosis & pigmented keratoses
seborrheic-keratoses-smooth-88,0,benign,seborrheic keratosis,seborrheic keratosis,-,benign/seborrheic keratosis,seborrheic keratosis & pigmented keratoses
seborrheic-keratoses-smooth-89,0,benign,seborrheic keratosis,seborrheic keratosis,-,benign/seborrheic keratosis,seborrheic keratosis & pigmented keratoses
seborrheic-keratoses-smooth-9,0,benign,seborrheic keratosis,seborrheic keratosis,-,benign/seborrheic keratosis,seborrheic keratosis & pigmented keratoses
seborrheic-keratoses-smooth-90,0,benign,seborrheic keratosis,seborrheic keratosis,-,benign/seborrheic keratosis,seborrheic keratosis & pigmented keratoses
seborrheic-keratoses-smooth-91,0,benign,seborrheic keratosis,seborrheic keratosis,-,benign/seborrheic keratosis,seborrheic keratosis & pigmented keratoses
seborrheic-keratoses-smooth-92,0,benign,seborrheic keratosis,seborrheic keratosis,-,benign/seborrheic keratosis,seborrheic keratosis & pigmented keratoses
seborrheic-keratoses-smooth-93,0,benign,seborrheic keratosis,seborrheic keratosis,-,benign/seborrheic keratosis,seborrheic keratosis & pigmented keratoses
seborrheic-keratoses-smooth-95,0,benign,seborrheic keratosis,seborrheic keratosis,-,benign/seborrheic keratosis,seborrheic keratosis & pigmented keratoses
seborrheic-keratoses-smooth-97,0,benign,seborrheic keratosis,seborrheic keratosis,-,benign/seborrheic keratosis,seborrheic keratosis & pigmented keratoses
seborrheic-keratoses-smooth-98,0,benign,seborrheic keratosis,seborrheic keratosis,-,benign/seborrheic keratosis,seborrheic keratosis & pigmented keratoses
seborrheic-keratosis-irritated-10,0,benign,seborrheic keratosis,seborrheic keratosis,-,benign/seborrheic keratosis,seborrheic keratosis & pigmented keratoses
seborrheic-keratosis-irritated-103,0,benign,seborrheic keratosis,seborrheic keratosis,-,benign/seborrheic keratosis,seborrheic keratosis & pigmented keratoses
seborrheic-keratosis-irritated-104,0,benign,seborrheic keratosis,seborrheic keratosis,-,benign/seborrheic keratosis,seborrheic keratosis & pigmented keratoses
seborrheic-keratosis-irritated-11,0,benign,seborrheic keratosis,seborrheic keratosis,-,benign/seborrheic keratosis,seborrheic keratosis & pigmented keratoses
seborrheic-keratosis-irritated-119,0,benign,seborrheic keratosis,seborrheic keratosis,-,benign/seborrheic keratosis,seborrheic keratosis & pigmented keratoses
seborrheic-keratosis-irritated-120,0,benign,seborrheic keratosis,seborrheic keratosis,-,benign/seborrheic keratosis,seborrheic keratosis & pigmented keratoses
seborrheic-keratosis-irritated-148,0,benign,seborrheic keratosis,seborrheic keratosis,-,benign/seborrheic keratosis,seborrheic keratosis & pigmented keratoses
seborrheic-keratosis-irritated-151,0,benign,seborrheic keratosis,seborrheic keratosis,-,benign/seborrheic keratosis,seborrheic keratosis & pigmented keratoses
seborrheic-keratosis-irritated-159,0,benign,seborrheic keratosis,seborrheic keratosis,-,benign/seborrheic keratosis,seborrheic keratosis & pigmented keratoses
seborrheic-keratosis-irritated-16,0,benign,seborrheic keratosis,seborrheic keratosis,-,benign/seborrheic keratosis,seborrheic keratosis & pigmented keratoses
seborrheic-keratosis-irritated-160,0,benign,seborrheic keratosis,seborrheic keratosis,-,benign/seborrheic keratosis,seborrheic keratosis & pigmented keratoses
seborrheic-keratosis-irritated-161,0,benign,seborrheic keratosis,seborrheic keratosis,-,benign/seborrheic keratosis,seborrheic keratosis & pigmented keratoses
seborrheic-keratosis-irritated-163,0,benign,seborrheic keratosis,seborrheic keratosis,-,benign/seborrheic keratosis,seborrheic keratosis & pigmented keratoses
seborrheic-keratosis-irritated-164,0,benign,seborrheic keratosis,seborrheic keratosis,-,benign/seborrheic keratosis,seborrheic keratosis & pigmented keratoses
seborrheic-keratosis-irritated-169,0,benign,seborrheic keratosis,seborrheic keratosis,-,benign/seborrheic keratosis,seborrheic keratosis & pigmented keratoses
seborrheic-keratosis-irritated-17,0,benign,seborrheic keratosis,seborrheic keratosis,-,benign/seborrheic keratosis,seborrheic keratosis & pigmented keratoses
seborrheic-keratosis-irritated-170,0,benign,seborrheic keratosis,seborrheic keratosis,-,benign/seborrheic keratosis,seborrheic keratosis & pigmented keratoses
seborrheic-keratosis-irritated-171,0,benign,seborrheic keratosis,seborrheic keratosis,-,benign/seborrheic keratosis,seborrheic keratosis & pigmented keratoses
seborrheic-keratosis-irritated-174,0,benign,seborrheic keratosis,seborrheic keratosis,-,benign/seborrheic keratosis,seborrheic keratosis & pigmented keratoses
seborrheic-keratosis-irritated-175,0,benign,seborrheic keratosis,seborrheic keratosis,-,benign/seborrheic keratosis,seborrheic keratosis & pigmented keratoses
seborrheic-keratosis-irritated-176,0,benign,seborrheic keratosis,seborrheic keratosis,-,benign/seborrheic keratosis,seborrheic keratosis & pigmented keratoses
seborrheic-keratosis-irritated-177,0,benign,seborrheic keratosis,seborrheic keratosis,-,benign/seborrheic keratosis,seborrheic keratosis & pigmented keratoses
seborrheic-keratosis-irritated-18,0,benign,seborrheic keratosis,seborrheic keratosis,-,benign/seborrheic keratosis,seborrheic keratosis & pigmented keratoses
seborrheic-keratosis-irritated-19,0,benign,seborrheic keratosis,seborrheic keratosis,-,benign/seborrheic keratosis,seborrheic keratosis & pigmented keratoses
seborrheic-keratosis-irritated-20,0,benign,seborrheic keratosis,seborrheic keratosis,-,benign/seborrheic keratosis,seborrheic keratosis & pigmented keratoses
seborrheic-keratosis-irritated-21,0,benign,seborrheic keratosis,seborrheic keratosis,-,benign/seborrheic keratosis,seborrheic keratosis & pigmented keratoses
seborrheic-keratosis-irritated-24,0,benign,seborrheic keratosis,seborrheic keratosis,-,benign/seborrheic keratosis,seborrheic keratosis & pigmented keratoses
seborrheic-keratosis-irritated-27,0,benign,seborrheic keratosis,seborrheic keratosis,-,benign/seborrheic keratosis,seborrheic keratosis & pigmented keratoses
seborrheic-keratosis-irritated-3,0,benign,seborrheic keratosis,seborrheic keratosis,-,benign/seborrheic keratosis,seborrheic keratosis & pigmented keratoses
seborrheic-keratosis-irritated-30,0,benign,seborrheic keratosis,seborrheic keratosis,-,benign/seborrheic keratosis,seborrheic keratosis & pigmented keratoses
seborrheic-keratosis-irritated-35,0,benign,seborrheic keratosis,seborrheic keratosis,-,benign/seborrheic keratosis,seborrheic keratosis & pigmented keratoses
seborrheic-keratosis-irritated-36,0,benign,seborrheic keratosis,seborrheic keratosis,-,benign/seborrheic keratosis,seborrheic keratosis & pigmented keratoses
seborrheic-keratosis-irritated-82,0,benign,seborrheic keratosis,seborrheic keratosis,-,benign/seborrheic keratosis,seborrheic keratosis & pigmented keratoses
seborrheic-keratosis-irritated-84,0,benign,seborrheic keratosis,seborrheic keratosis,-,benign/seborrheic keratosis,seborrheic keratosis & pigmented keratoses
seborrheic-keratosis-irritated-87,0,benign,seborrheic keratosis,seborrheic keratosis,-,benign/seborrheic keratosis,seborrheic keratosis & pigmented keratoses
seborrheic-keratosis-irritated-92,0,benign,seborrheic keratosis,seborrheic keratosis,-,benign/seborrheic keratosis,seborrheic keratosis & pigmented keratoses
actinic-keratosis-lesion-39,4,indeterminate - pre-cancerous,actinic keratosis,actinic keratosis,-,actinic keratosis,actinic keratosis
basal-cell-carcinoma-aldara-6,5,malignant,basal cell cancer,basal cell cancer,-,basal cell cancer,basal cell carcinoma
basal-cell-carcinoma-face-2,5,malignant,basal cell cancer,basal cell cancer,-,basal cell cancer,basal cell carcinoma
basal-cell-carcinoma-lesion-68,5,malignant,basal cell cancer,basal cell cancer,-,basal cell cancer,basal cell carcinoma
basal-cell-carcinoma-lesion-88,5,malignant,basal cell cancer,basal cell cancer,-,basal cell cancer,basal cell carcinoma
basal-cell-carcinoma-lesion-92,5,malignant,basal cell cancer,basal cell cancer,-,basal cell cancer,basal cell carcinoma
basal-cell-carcinoma-lid-33,5,malignant,basal cell cancer,basal cell cancer,-,basal cell cancer,basal cell carcinoma
basal-cell-carcinoma-pigmented-15,5,malignant,basal cell cancer,basal cell cancer,-,basal cell cancer,basal cell carcinoma
basal-cell-carcinoma-pigmented-19,5,malignant,basal cell cancer,basal cell cancer,-,basal cell cancer,basal cell carcinoma
basal-cell-carcinoma-pigmented-28,5,malignant,basal cell cancer,basal cell cancer,-,basal cell cancer,basal cell carcinoma
basal-cell-carcinoma-pigmented-58,5,malignant,basal cell cancer,basal cell cancer,-,basal cell cancer,basal cell carcinoma
blue-nevus-ota-1,2,benign,melanocytic nevus,melanocytic nevus,-,melanocytic / benign nevus,benign melanocytic nevus
blue-nevus-ota-4,2,benign,melanocytic nevus,melanocytic nevus,-,melanocytic / benign nevus,benign melanocytic nevus
halo-nevus-19,2,benign,melanocytic nevus,melanocytic nevus,-,melanocytic / benign nevus,benign melanocytic nevus
malignant-melanoma-110,6,malignant,melanoma,melanoma,-,melanoma,melanoma
malignant-melanoma-128,6,malignant,melanoma,melanoma,-,melanoma,melanoma
malignant-melanoma-161,6,malignant,melanoma,melanoma,-,melanoma,melanoma
malignant-melanoma-170,6,malignant,melanoma,melanoma,-,melanoma,melanoma
malignant-melanoma-176,6,malignant,melanoma,melanoma,-,melanoma,melanoma
malignant-melanoma-190,6,malignant,melanoma,melanoma,-,melanoma,melanoma
malignant-melanoma-191,6,malignant,melanoma,melanoma,-,melanoma,melanoma
malignant-melanoma-82,6,malignant,melanoma,melanoma,-,melanoma,melanoma
melanocytic-nevi-11,2,benign,melanocytic nevus,melanocytic nevus,-,melanocytic / benign nevus,benign melanocytic nevus
melanocytic-nevi-24,2,benign,melanocytic nevus,melanocytic nevus,-,melanocytic / benign nevus,benign melanocytic nevus
melanocytic-nevi-57,2,benign,melanocytic nevus,melanocytic nevus,-,melanocytic / benign nevus,benign melanocytic nevus
melanocytic-nevi-6,2,benign,melanocytic nevus,melanocytic nevus,-,melanocytic / benign nevus,benign melanocytic nevus
melanocytic-nevi-75,2,benign,melanocytic nevus,melanocytic nevus,-,melanocytic / benign nevus,benign melanocytic nevus
melanocytic-nevi-94,2,benign,melanocytic nevus,melanocytic nevus,-,melanocytic / benign nevus,benign melanocytic nevus
lichen-planus-129,0,benign,seborrheic keratosis,seborrheic keratosis,-,benign/seborrheic keratosis,seborrheic keratosis & pigmented keratoses
dermatofibroma-48,1,benign,dermatofibroma,dermatofibroma,-,dermatofibroma,dermatofibroma / fibrous lesions
dermatofibroma-9,1,benign,dermatofibroma,dermatofibroma,-,dermatofibroma,dermatofibroma / fibrous lesions
dermatofibroma-93,1,benign,dermatofibroma,dermatofibroma,-,dermatofibroma,dermatofibroma / fibrous lesions
melanoma-mimic-15,6,malignant,melanoma,melanoma,-,melanoma,melanoma
melanoma-mimic-8,6,malignant,melanoma,melanoma,-,melanoma,melanoma
seborrheic-keratoses-ruff-114,0,benign,seborrheic keratosis,seborrheic keratosis,-,benign/seborrheic keratosis,seborrheic keratosis & pigmented keratoses
seborrheic-keratoses-ruff-116,0,benign,seborrheic keratosis,seborrheic keratosis,-,benign/seborrheic keratosis,seborrheic keratosis & pigmented keratoses
seborrheic-keratoses-ruff-130,0,benign,seborrheic keratosis,seborrheic keratosis,-,benign/seborrheic keratosis,seborrheic keratosis & pigmented keratoses
seborrheic-keratoses-ruff-149,0,benign,seborrheic keratosis,seborrheic keratosis,-,benign/seborrheic keratosis,seborrheic keratosis & pigmented keratoses
seborrheic-keratoses-ruff-170,0,benign,seborrheic keratosis,seborrheic keratosis,-,benign/seborrheic keratosis,seborrheic keratosis & pigmented keratoses
seborrheic-keratoses-ruff-174,0,benign,seborrheic keratosis,seborrheic keratosis,-,benign/seborrheic keratosis,seborrheic keratosis & pigmented keratoses
seborrheic-keratoses-ruff-82,0,benign,seborrheic keratosis,seborrheic keratosis,-,benign/seborrheic keratosis,seborrheic keratosis & pigmented keratoses
seborrheic-keratoses-smooth-113,0,benign,seborrheic keratosis,seborrheic keratosis,-,benign/seborrheic keratosis,seborrheic keratosis & pigmented keratoses
seborrheic-keratoses-smooth-121,0,benign,seborrheic keratosis,seborrheic keratosis,-,benign/seborrheic keratosis,seborrheic keratosis & pigmented keratoses
seborrheic-keratoses-smooth-31,0,benign,seborrheic keratosis,seborrheic keratosis,-,benign/seborrheic keratosis,seborrheic keratosis & pigmented keratoses
seborrheic-keratoses-smooth-32,0,benign,seborrheic keratosis,seborrheic keratosis,-,benign/seborrheic keratosis,seborrheic keratosis & pigmented keratoses
seborrheic-keratoses-smooth-35,0,benign,seborrheic keratosis,seborrheic keratosis,-,benign/seborrheic keratosis,seborrheic keratosis & pigmented keratoses
seborrheic-keratoses-smooth-36,0,benign,seborrheic keratosis,seborrheic keratosis,-,benign/seborrheic keratosis,seborrheic keratosis & pigmented keratoses
seborrheic-keratoses-smooth-42,0,benign,seborrheic keratosis,seborrheic keratosis,-,benign/seborrheic keratosis,seborrheic keratosis & pigmented keratoses
seborrheic-keratoses-smooth-44,0,benign,seborrheic keratosis,seborrheic keratosis,-,benign/seborrheic keratosis,seborrheic keratosis & pigmented keratoses
seborrheic-keratoses-smooth-47,0,benign,seborrheic keratosis,seborrheic keratosis,-,benign/seborrheic keratosis,seborrheic keratosis & pigmented keratoses
seborrheic-keratoses-smooth-57,0,benign,seborrheic keratosis,seborrheic keratosis,-,benign/seborrheic keratosis,seborrheic keratosis & pigmented keratoses
seborrheic-keratoses-smooth-6,0,benign,seborrheic keratosis,seborrheic keratosis,-,benign/seborrheic keratosis,seborrheic keratosis & pigmented keratoses
seborrheic-keratoses-smooth-62,0,benign,seborrheic keratosis,seborrheic keratosis,-,benign/seborrheic keratosis,seborrheic keratosis & pigmented keratoses
seborrheic-keratoses-smooth-68,0,benign,seborrheic keratosis,seborrheic keratosis,-,benign/seborrheic keratosis,seborrheic keratosis & pigmented keratoses
seborrheic-keratoses-smooth-76,0,benign,seborrheic keratosis,seborrheic keratosis,-,benign/seborrheic keratosis,seborrheic keratosis & pigmented keratoses
seborrheic-keratoses-smooth-94,0,benign,seborrheic keratosis,seborrheic keratosis,-,benign/seborrheic keratosis,seborrheic keratosis & pigmented keratoses
seborrheic-keratoses-smooth-99,0,benign,seborrheic keratosis,seborrheic keratosis,-,benign/seborrheic keratosis,seborrheic keratosis & pigmented keratoses
seborrheic-keratosis-irritated-107,0,benign,seborrheic keratosis,seborrheic keratosis,-,benign/seborrheic keratosis,seborrheic keratosis & pigmented keratoses
seborrheic-keratosis-irritated-113,0,benign,seborrheic keratosis,seborrheic keratosis,-,benign/seborrheic keratosis,seborrheic keratosis & pigmented keratoses
seborrheic-keratosis-irritated-145,0,benign,seborrheic keratosis,seborrheic keratosis,-,benign/seborrheic keratosis,seborrheic keratosis & pigmented keratoses
seborrheic-keratosis-irritated-168,0,benign,seborrheic keratosis,seborrheic keratosis,-,benign/seborrheic keratosis,seborrheic keratosis & pigmented keratoses
seborrheic-keratosis-irritated-32,0,benign,seborrheic keratosis,seborrheic keratosis,-,benign/seborrheic keratosis,seborrheic keratosis & pigmented keratoses
squamous-cell-carcinoma-face-1,7,malignant,squamous cell cancer,squamous cell cancer,-,squamous cell cancer,squamous cell carcinoma (invasive)
squamous-cell-carcinoma-face-4,7,malignant,squamous cell cancer,squamous cell cancer,-,squamous cell cancer,squamous cell carcinoma (invasive)
squamous-cell-carcinoma-face-7,7,malignant,squamous cell cancer,squamous cell cancer,-,squamous cell cancer,squamous cell carcinoma (invasive)
squamous-cell-carcinoma-face-8,7,malignant,squamous cell cancer,squamous cell cancer,-,squamous cell cancer,squamous cell carcinoma (invasive)
squamous-cell-carcinoma-hand-arm-9,7,malignant,squamous cell cancer,squamous cell cancer,-,squamous cell cancer,squamous cell carcinoma (invasive)
squamous-cell-carcinoma-leg-2,7,malignant,squamous cell cancer,squamous cell cancer,-,squamous cell cancer,squamous cell carcinoma (invasive)
squamous-cell-carcinoma-leg-4,7,malignant,squamous cell cancer,squamous cell cancer,-,squamous cell cancer,squamous cell carcinoma (invasive)
squamous-cell-carcinoma-lesion-1,7,malignant,squamous cell cancer,squamous cell cancer,-,squamous cell cancer,squamous cell carcinoma (invasive)
squamous-cell-carcinoma-lesion-10,7,malignant,squamous cell cancer,squamous cell cancer,-,squamous cell cancer,squamous cell carcinoma (invasive)
squamous-cell-carcinoma-lesion-11,7,malignant,squamous cell cancer,squamous cell cancer,-,squamous cell cancer,squamous cell carcinoma (invasive)
squamous-cell-carcinoma-lesion-13,7,malignant,squamous cell cancer,squamous cell cancer,-,squamous cell cancer,squamous cell carcinoma (invasive)
squamous-cell-carcinoma-lesion-14,7,malignant,squamous cell cancer,squamous cell cancer,-,squamous cell cancer,squamous cell carcinoma (invasive)
squamous-cell-carcinoma-lesion-15,7,malignant,squamous cell cancer,squamous cell cancer,-,squamous cell cancer,squamous cell carcinoma (invasive)
squamous-cell-carcinoma-lesion-17,7,malignant,squamous cell cancer,squamous cell cancer,-,squamous cell cancer,squamous cell carcinoma (invasive)
squamous-cell-carcinoma-lesion-19,7,malignant,squamous cell cancer,squamous cell cancer,-,squamous cell cancer,squamous cell carcinoma (invasive)
squamous-cell-carcinoma-lesion-2,7,malignant,squamous cell cancer,squamous cell cancer,-,squamous cell cancer,squamous cell carcinoma (invasive)
squamous-cell-carcinoma-lesion-20,7,malignant,squamous cell cancer,squamous cell cancer,-,squamous cell cancer,squamous cell carcinoma (invasive)
squamous-cell-carcinoma-lesion-21,7,malignant,squamous cell cancer,squamous cell cancer,-,squamous cell cancer,squamous cell carcinoma (invasive)
squamous-cell-carcinoma-lesion-22,7,malignant,squamous cell cancer,squamous cell cancer,-,squamous cell cancer,squamous cell carcinoma (invasive)
squamous-cell-carcinoma-lesion-23,7,malignant,squamous cell cancer,squamous cell cancer,-,squamous cell cancer,squamous cell carcinoma (invasive)
squamous-cell-carcinoma-lesion-24,7,malignant,squamous cell cancer,squamous cell cancer,-,squamous cell cancer,squamous cell carcinoma (invasive)
squamous-cell-carcinoma-lesion-25,7,malignant,squamous cell cancer,squamous cell cancer,-,squamous cell cancer,squamous cell carcinoma (invasive)
squamous-cell-carcinoma-lesion-26,7,malignant,squamous cell cancer,squamous cell cancer,-,squamous cell cancer,squamous cell carcinoma (invasive)
squamous-cell-carcinoma-lesion-27,7,malignant,squamous cell cancer,squamous cell cancer,-,squamous cell cancer,squamous cell carcinoma (invasive)
squamous-cell-carcinoma-lesion-28,7,malignant,squamous cell cancer,squamous cell cancer,-,squamous cell cancer,squamous cell carcinoma (invasive)
squamous-cell-carcinoma-lesion-29,7,malignant,squamous cell cancer,squamous cell cancer,-,squamous cell cancer,squamous cell carcinoma (invasive)
squamous-cell-carcinoma-lesion-3,7,malignant,squamous cell cancer,squamous cell cancer,-,squamous cell cancer,squamous cell carcinoma (invasive)
squamous-cell-carcinoma-lesion-30,7,malignant,squamous cell cancer,squamous cell cancer,-,squamous cell cancer,squamous cell carcinoma (invasive)
squamous-cell-carcinoma-lesion-31,7,malignant,squamous cell cancer,squamous cell cancer,-,squamous cell cancer,squamous cell carcinoma (invasive)
squamous-cell-carcinoma-lesion-4,7,malignant,squamous cell cancer,squamous cell cancer,-,squamous cell cancer,squamous cell carcinoma (invasive)
squamous-cell-carcinoma-lesion-5,7,malignant,squamous cell cancer,squamous cell cancer,-,squamous cell cancer,squamous cell carcinoma (invasive)
squamous-cell-carcinoma-lesion-6,7,malignant,squamous cell cancer,squamous cell cancer,-,squamous cell cancer,squamous cell carcinoma (invasive)
squamous-cell-carcinoma-lesion-7,7,malignant,squamous cell cancer,squamous cell cancer,-,squamous cell cancer,squamous cell carcinoma (invasive)
squamous-cell-carcinoma-lesion-8,7,malignant,squamous cell cancer,squamous cell cancer,-,squamous cell cancer,squamous cell carcinoma (invasive)
squamous-cell-carcinoma-lesion-9,7,malignant,squamous cell cancer,squamous cell cancer,-,squamous cell cancer,squamous cell carcinoma (invasive)
